date,pm25,pm10,o3,no2,so2,co
2022/1/3,68,43,13,25,4,4
2022/1/4,80,55,6,40,4,6
2022/1/5,114,60,15,35,5,6
2022/1/6,120,52,7,50,5,8
2022/1/7,130,54,14,57,5,8
2022/1/8,125,78,23,26,3,8
2022/1/9,169,65,13,53,3,9
2022/1/10,147,31,16,18,2,5
2022/1/11,67,31,14,24,3,4
2022/1/12,66,40,14,22,3,4
2022/1/13,59,34,14,29,4,5
2022/1/14,62,39,2,50,4,7
2022/1/15,82,32,20,20,2,5
2022/1/16,65,26,14,27,3,5
2022/1/17,57,40,12,28,3,4
2022/1/18,70,38,,48,4,7
2022/1/19,89,,,,,
2021/10/1,79,27,41,18,4,4
2021/10/2,55,36,45,15,4,4
2021/10/3,86,34,33,10,4,3
2021/10/4,63,33,33,10,4,4
2021/10/5,56,13,9,19,,4
2021/10/6,43,19,18,22,,4
2021/10/7,61,28,10,31,,5
2021/10/8,86,14,12,23,,4
2021/10/9,39,19,25,13,4,4
2021/10/10,64,41,15,20,4,5
2021/10/11,83,21,15,23,4,3
2021/10/12,53,23,20,28,4,3
2021/10/13,46,26,29,20,,3
2021/10/14,29,48,28,19,,5
2021/10/15,70,41,23,8,4,3
2021/10/16,26,22,24,5,,3
2021/10/17,9,30,13,29,4,4
2021/10/18,36,42,23,24,,4
2021/10/19,77,39,13,28,4,4
2021/10/20,61,54,17,37,4,5
2021/10/21,87,56,21,31,5,5
2021/10/22,88,51,23,39,4,6
2021/10/23,83,37,33,30,4,5
2021/10/24,64,45,26,40,4,5
2021/10/25,76,59,28,48,4,6
2021/10/26,115,62,23,30,4,5
2021/10/27,105,52,16,42,5,5
2021/10/28,80,37,19,41,4,5
2021/10/29,52,28,15,32,4,5
2021/10/30,43,41,31,26,4,6
2021/10/31,74,44,23,32,5,5
2021/11/1,86,48,23,25,4,5
2021/11/2,92,55,21,34,4,5
2021/11/3,109,51,11,42,4,6
2021/11/4,107,75,14,58,5,8
2021/11/5,146,65,24,37,4,5
2021/11/6,124,39,28,29,4,6
2021/11/7,77,9,26,14,,3
2021/11/8,11,11,19,20,,3
2021/11/9,20,22,14,19,4,3
2021/11/10,35,26,14,21,4,3
2021/11/11,34,29,13,21,4,3
2021/11/12,40,36,17,38,4,5
2021/11/13,56,49,32,22,5,5
2021/11/14,81,66,11,46,5,7
2021/11/15,102,55,15,33,4,5
2021/11/16,88,42,10,36,4,5
2021/11/17,75,57,34,32,5,5
2021/11/18,90,80,29,33,4,8
2021/11/19,138,100,12,48,4,10
2021/11/20,180,93,17,40,5,9
2021/11/21,177,44,18,15,4,3
2021/11/22,59,35,14,22,4,3
2021/11/23,43,33,12,31,5,5
2021/11/24,54,59,14,39,5,7
2021/11/25,96,36,15,31,4,4
2021/11/26,62,43,9,33,6,5
2021/11/27,80,47,13,40,6,7
2021/11/28,102,64,6,56,6,8
2021/11/29,135,27,16,28,4,4
2021/11/30,61,20,15,14,4,3
2021/12/1,39,25,7,28,5,5
2021/12/2,54,31,13,20,4,4
2021/12/3,49,28,17,28,4,5
2021/12/6,126,63,9,45,,6
2021/12/7,138,49,10,44,4,5
2021/12/8,99,55,1,56,5,8
2021/12/9,113,39,,39,4,6
2021/12/10,84,59,9,30,4,7
2021/12/11,138,39,19,15,4,5
2021/12/12,79,30,16,24,4,4
2021/12/13,50,33,7,37,5,5
2021/12/14,67,63,14,39,5,7
2021/12/15,130,78,21,49,6,9
2021/12/16,154,38,16,13,4,3
2021/12/17,62,23,17,32,4,5
2021/12/18,47,30,16,23,5,5
2021/12/19,53,54,13,57,5,8
2021/12/20,105,63,12,75,5,8
2021/12/21,125,45,6,50,5,5
2021/12/22,87,53,7,54,4,7
2021/12/23,116,55,20,37,4,6
2021/12/24,120,19,20,5,2,3
2021/12/25,33,12,20,4,,3
2021/12/26,18,31,9,38,4,7
2021/12/27,59,55,,69,4,11
2021/12/28,128,54,13,49,4,9
2021/12/29,130,33,19,22,3,4
2021/12/30,56,28,19,15,2,3
2021/12/31,34,28,12,34,3,5
2022/1/1,60,33,21,21,3,4
2022/1/2,81,28,6,39,4,5
2021/7/1,134,42,38,29,3,4
2021/7/2,82,21,25,15,2,3
2021/7/3,39,11,32,7,,3
2021/7/4,24,36,46,20,3,4
2021/7/5,65,61,66,26,4,5
2021/7/6,135,52,43,28,4,5
2021/7/7,115,31,41,21,3,4
2021/7/8,65,27,31,18,3,4
2021/7/9,57,34,59,11,3,5
2021/7/10,79,38,53,8,3,4
2021/7/11,80,47,70,19,3,4
2021/7/12,94,42,41,24,3,4
2021/7/13,82,29,34,18,3,4
2021/7/14,50,27,35,21,4,4
2021/7/15,52,31,67,28,3,4
2021/7/16,58,30,37,22,3,4
2021/7/17,54,20,55,11,3,3
2021/7/18,42,25,30,24,3,4
2021/7/19,48,45,54,35,3,4
2021/7/20,89,39,46,34,3,5
2021/7/21,80,40,55,32,,4
2021/7/22,74,44,81,29,3,4
2021/7/23,83,38,80,23,2,4
2021/7/24,79,30,43,13,4,4
2021/7/25,62,34,38,17,3,3
2021/7/26,58,49,71,26,4,4
2021/7/27,82,56,84,30,2,5
2021/7/28,106,54,71,25,3,5
2021/7/29,109,37,46,21,4,4
2021/7/30,66,31,53,8,3,4
2021/7/31,59,42,63,11,2,5
2021/8/1,95,21,39,14,4,4
2021/8/2,40,38,37,17,3,4
2021/8/3,75,32,32,14,3,4
2021/8/4,57,38,34,19,2,3
2021/8/5,75,40,26,18,2,3
2021/8/6,71,32,35,9,4,3
2021/8/7,50,35,43,10,2,4
2021/8/8,61,35,31,16,3,3
2021/8/9,61,32,34,15,2,4
2021/8/10,54,49,49,22,3,6
2021/8/11,88,53,66,22,,5
2021/8/12,98,41,27,30,3,5
2021/8/13,68,33,24,15,3,4
2021/8/14,61,17,42,3,2,3
2021/8/15,17,25,48,10,2,4
2021/8/16,29,33,30,17,2,3
2021/8/17,47,30,21,18,3,3
2021/8/18,47,27,34,23,3,3
2021/8/19,37,26,40,20,3,4
2021/8/20,27,16,39,11,2,3
2021/8/21,26,30,44,9,3,5
2021/8/22,48,36,29,27,3,5
2021/8/23,74,19,40,15,2,4
2021/8/24,17,24,34,17,3,4
2021/8/25,16,45,60,17,2,5
2021/8/26,66,43,39,35,3,5
2021/8/27,68,48,51,23,,5
2021/8/28,90,34,42,10,4,4
2021/8/29,70,52,41,27,4,5
2021/8/30,100,45,20,31,2,5
2021/8/31,105,27,18,24,4,4
2021/9/1,49,33,23,30,,4
2021/9/2,60,26,33,22,3,3
2021/9/3,41,19,32,18,3,3
2021/9/4,29,15,27,9,2,
2021/9/5,13,25,24,21,3,3
2021/9/6,38,20,24,19,2,4
2021/9/7,44,23,27,17,3,4
2021/9/8,39,44,38,27,5,5
2021/9/9,82,49,41,27,4,5
2021/9/10,102,42,64,19,7,4
2021/9/11,79,27,43,11,4,4
2021/9/12,44,40,36,30,4,4
2021/9/13,66,35,20,27,4,4
2021/9/14,56,28,22,21,3,3
2021/9/15,30,28,21,26,3,3
2021/9/16,31,23,18,22,3,3
2021/9/17,46,12,31,14,4,3
2021/9/18,29,11,36,16,,4
2021/9/19,27,9,33,8,2,3
2021/9/20,21,11,41,4,3,4
2021/9/21,40,9,35,6,3,3
2021/9/22,33,16,25,14,,3
2021/9/23,44,24,23,25,4,4
2021/9/24,61,10,11,16,3,3
2021/9/25,32,5,26,9,3,3
2021/9/26,19,13,15,22,3,3
2021/9/27,31,13,14,21,2,3
2021/9/28,26,16,17,16,3,4
2021/9/29,42,30,23,22,,4
2021/9/30,67,38,38,26,4,5
2021/4/1,70,52,28,26,5,4
2021/4/2,51,46,23,29,4,4
2021/4/3,75,14,29,4,,3
2021/4/4,25,32,26,21,,3
2021/4/5,44,52,39,29,4,5
2021/4/6,90,61,34,22,4,5
2021/4/7,117,47,36,17,4,3
2021/4/8,71,45,33,26,4,4
2021/4/9,70,33,42,15,5,4
2021/4/10,54,48,46,20,4,4
2021/4/11,82,44,26,30,4,5
2021/4/12,81,19,28,13,4,3
2021/4/13,35,33,32,16,4,3
2021/4/14,58,49,40,23,5,4
2021/4/15,81,66,26,24,4,3
2021/4/16,80,75,27,22,4,4
2021/4/17,70,31,32,8,4,4
2021/4/18,44,51,42,21,5,4
2021/4/19,80,60,49,31,6,4
2021/4/20,106,77,62,46,7,5
2021/4/21,144,68,61,37,9,5
2021/4/22,129,56,37,32,5,4
2021/4/23,89,31,35,16,4,3
2021/4/24,46,31,39,16,4,4
2021/4/25,45,35,36,18,4,3
2021/4/26,50,40,32,22,6,3
2021/4/27,61,54,30,15,4,5
2021/4/28,92,75,41,22,5,4
2021/4/29,91,37,37,20,4,3
2021/4/30,60,29,33,10,4,3
2021/5/1,44,16,37,6,4,3
2021/5/2,18,40,40,20,4,4
2021/5/3,67,36,26,37,4,5
2021/5/4,69,45,33,10,4,4
2021/5/5,43,67,50,22,5,4
2021/5/6,65,305,33,16,4,3
2021/5/7,144,335,38,12,4,3
2021/5/8,176,53,40,10,4,3
2021/5/9,37,34,21,33,4,4
2021/5/10,54,38,26,31,3,4
2021/5/11,58,31,39,27,1,4
2021/5/12,40,68,60,38,1,5
2021/5/13,126,72,69,40,3,5
2021/5/14,134,51,41,25,4,5
2021/5/15,116,11,37,11,,3
2021/5/16,23,40,22,21,,3
2021/5/17,82,40,26,27,4,5
2021/5/18,81,51,54,24,4,4
2021/5/19,106,55,35,33,3,4
2021/5/20,107,33,31,17,,3
2021/5/21,71,33,39,17,3,3
2021/5/22,66,48,52,15,3,4
2021/5/23,102,96,31,20,3,3
2021/5/24,122,81,36,15,2,3
2021/5/25,107,53,39,17,3,3
2021/5/26,62,46,38,13,2,4
2021/5/27,71,56,42,22,2,5
2021/5/28,107,35,30,15,2,4
2021/5/29,61,38,52,17,2,3
2021/5/30,67,51,33,23,2,4
2021/5/31,94,55,27,27,3,4
2021/6/1,99,60,52,25,4,4
2021/6/2,108,54,29,27,3,3
2021/6/3,99,34,43,17,4,3
2021/6/4,59,54,62,11,4,5
2021/6/5,99,67,68,8,3,4
2021/6/6,121,51,37,24,4,5
2021/6/7,78,65,44,32,5,5
2021/6/8,125,66,94,28,4,4
2021/6/9,134,71,48,36,4,5
2021/6/10,135,26,32,14,3,3
2021/6/11,52,41,39,13,5,4
2021/6/12,83,39,36,18,5,4
2021/6/13,76,56,32,40,4,5
2021/6/14,121,48,18,34,3,5
2021/6/15,100,28,23,19,,3
2021/6/16,38,29,21,17,3,3
2021/6/17,49,22,38,13,2,3
2021/6/18,46,59,58,14,5,4
2021/6/19,128,64,69,9,3,5
2021/6/20,141,56,43,19,4,4
2021/6/21,114,54,46,23,4,4
2021/6/22,108,37,48,21,2,4
2021/6/23,73,49,41,21,4,4
2021/6/24,100,56,40,19,3,4
2021/6/25,116,41,37,19,2,4
2021/6/26,86,28,47,12,2,4
2021/6/27,57,41,26,28,3,4
2021/6/28,84,49,45,27,3,5
2021/6/29,104,55,42,25,5,4
2021/6/30,112,60,68,21,3,4
2021/1/4,84,40,16,18,4,4
2021/1/5,68,29,16,20,4,4
2021/1/6,49,34,19,11,4,3
2021/1/7,44,28,20,12,4,
2021/1/8,45,27,19,14,5,4
2021/1/9,53,28,18,22,5,6
2021/1/10,60,57,6,44,6,8
2021/1/11,122,55,5,43,5,8
2021/1/12,129,80,12,37,6,7
2021/1/13,126,72,8,44,5,7
2021/1/14,114,63,14,36,4,6
2021/1/15,105,48,19,10,4,5
2021/1/16,101,17,20,10,4,4
2021/1/17,37,41,21,17,5,4
2021/1/18,58,38,16,26,4,4
2021/1/19,58,59,6,56,6,8
2021/1/20,106,57,3,67,6,10
2021/1/21,121,54,8,35,4,6
2021/1/22,130,31,16,25,4,5
2021/1/23,69,20,19,24,5,5
2021/1/24,46,49,7,54,5,8
2021/1/25,91,53,18,40,4,7
2021/1/26,126,49,17,25,4,5
2021/1/27,74,41,19,27,4,4
2021/1/28,61,32,20,14,,3
2021/1/29,37,50,13,30,4,5
2021/1/30,81,56,18,34,4,7
2021/1/31,97,60,20,23,4,5
2021/2/1,105,38,20,11,2,3
2021/2/2,59,32,16,20,4,5
2021/2/3,61,29,21,20,3,4
2021/2/4,57,28,15,32,5,4
2021/2/5,59,49,27,20,4,5
2021/2/6,101,61,26,7,4,4
2021/2/7,123,36,19,12,4,3
2021/2/8,60,29,15,28,5,5
2021/2/9,47,36,18,33,5,5
2021/2/10,75,62,23,28,5,6
2021/2/11,137,81,26,37,6,8
2021/2/12,169,84,29,41,5,8
2021/2/13,170,77,25,44,8,8
2021/2/14,164,49,20,20,5,5
2021/2/15,87,29,20,16,4,3
2021/2/16,51,44,21,13,4,3
2021/2/17,38,51,20,16,5,4
2021/2/18,57,46,26,28,5,5
2021/2/19,75,63,25,40,5,6
2021/2/20,111,64,39,24,6,7
2021/2/21,126,66,27,33,5,5
2021/2/22,105,61,22,17,4,4
2021/2/23,67,59,17,36,5,5
2021/2/24,85,70,5,56,5,7
2021/2/25,134,54,17,43,5,5
2021/2/26,102,34,24,31,4,4
2021/2/27,62,29,20,29,4,5
2021/2/28,52,31,24,23,4,4
2021/3/1,73,21,25,22,4,3
2021/3/2,45,48,20,39,5,5
2021/3/3,92,57,18,48,5,6
2021/3/4,110,54,24,44,5,7
2021/3/5,107,45,21,25,4,5
2021/3/6,91,26,24,18,4,4
2021/3/7,52,54,18,36,4,5
2021/3/8,106,59,23,37,4,6
2021/3/9,113,81,18,53,5,7
2021/3/10,162,97,29,55,6,8
2021/3/11,177,82,25,38,6,5
2021/3/12,155,59,35,24,4,5
2021/3/13,129,69,34,23,5,7
2021/3/14,158,74,38,31,5,7
2021/3/15,157,84,31,13,4,4
2021/3/16,79,84,18,30,5,4
2021/3/17,84,85,23,47,6,6
2021/3/18,131,76,27,44,6,6
2021/3/19,118,42,27,21,4,4
2021/3/20,82,45,30,4,4,4
2021/3/21,99,41,27,17,4,4
2021/3/22,52,69,32,21,6,5
2021/3/23,96,59,36,21,5,5
2021/3/24,47,59,45,32,7,4
2021/3/25,103,93,25,51,7,7
2021/3/26,167,68,20,52,5,7
2021/3/27,122,23,36,7,4,4
2021/3/28,51,255,23,16,4,6
2021/3/29,140,116,30,29,4,5
2021/3/30,105,64,20,40,5,5
2021/3/31,102,56,28,28,4,4
2020/10/1,37,27,51,9,4,3
2020/10/2,56,39,44,12,4,4
2020/10/3,67,29,41,9,4,3
2020/10/4,41,33,20,16,4,3
2020/10/5,41,44,27,24,4,3
2020/10/6,72,48,19,33,4,3
2020/10/7,73,31,26,29,4,3
2020/10/8,50,30,34,25,4,3
2020/10/9,49,30,35,23,4,4
2020/10/10,46,28,36,22,,3
2020/10/11,47,49,28,29,4,4
2020/10/12,82,47,24,32,4,3
2020/10/13,68,56,23,34,4,5
2020/10/14,80,51,22,30,4,4
2020/10/15,67,62,13,46,4,4
2020/10/16,100,44,34,27,4,4
2020/10/17,84,41,46,30,4,4
2020/10/18,65,72,41,51,5,6
2020/10/19,138,77,35,56,4,6
2020/10/20,142,60,16,52,4,5
2020/10/21,111,62,23,26,6,4
2020/10/22,95,37,21,18,5,3
2020/10/23,47,34,28,19,5,3
2020/10/24,32,41,33,31,4,4
2020/10/25,64,59,35,50,5,6
2020/10/26,106,73,37,54,5,6
2020/10/27,144,54,27,25,4,3
2020/10/28,84,55,25,35,5,4
2020/10/29,75,61,17,47,5,4
2020/10/30,93,38,36,34,4,5
2020/10/31,58,46,27,20,4,4
2020/11/1,90,56,23,35,4,5
2020/11/2,73,40,18,19,4,3
2020/11/3,46,41,25,26,4,3
2020/11/4,45,45,18,44,4,4
2020/11/5,70,59,12,48,6,5
2020/11/6,108,73,42,22,5,5
2020/11/7,114,53,25,11,4,3
2020/11/8,55,36,17,24,4,3
2020/11/9,34,48,18,37,4,4
2020/11/10,68,61,11,55,5,5
2020/11/11,104,70,12,71,6,6
2020/11/12,133,78,19,63,4,7
2020/11/13,160,72,29,50,4,6
2020/11/14,149,74,35,40,4,7
2020/11/15,151,78,10,57,5,6
2020/11/16,159,65,16,49,4,6
2020/11/17,134,49,17,32,4,4
2020/11/18,107,19,20,12,,4
2020/11/19,33,33,19,16,,3
2020/11/20,63,41,11,29,4,4
2020/11/21,82,29,21,14,4,3
2020/11/22,65,34,17,22,4,3
2020/11/23,65,43,10,36,4,3
2020/11/24,74,57,11,45,5,5
2020/11/25,106,67,14,41,5,5
2020/11/26,142,47,18,28,5,4
2020/11/27,93,28,22,15,4,3
2020/11/28,47,27,22,16,4,3
2020/11/29,51,44,18,33,5,4
2020/11/30,81,52,15,32,5,4
2020/12/1,90,50,13,28,5,4
2020/12/2,83,45,22,26,5,3
2020/12/3,78,46,15,34,4,4
2020/12/4,77,48,16,43,5,5
2020/12/5,84,52,23,38,5,5
2020/12/6,103,64,25,33,5,5
2020/12/7,133,40,17,31,4,3
2020/12/8,66,52,5,47,5,5
2020/12/9,98,63,14,44,5,6
2020/12/10,130,91,12,53,5,9
2020/12/11,172,57,25,31,5,5
2020/12/12,106,36,27,23,4,4
2020/12/13,75,32,20,15,5,3
2020/12/14,50,29,20,18,4,3
2020/12/15,52,31,17,22,4,3
2020/12/16,60,40,10,40,6,5
2020/12/17,73,44,19,31,5,4
2020/12/18,88,35,23,18,5,3
2020/12/19,54,27,25,25,6,4
2020/12/20,55,52,5,63,6,7
2020/12/21,108,54,11,52,6,6
2020/12/22,119,62,22,46,6,6
2020/12/23,144,57,20,28,6,4
2020/12/24,100,32,22,25,5,4
2020/12/25,49,56,19,44,5,7
2020/12/26,102,60,24,35,5,5
2020/12/27,118,68,11,51,5,6
2020/12/28,148,70,21,32,4,6
2020/12/29,144,41,20,13,,3
2020/12/30,48,33,17,24,4,4
2020/12/31,42,27,21,27,6,4
2021/1/1,55,33,25,21,5,3
2021/1/2,47,37,26,25,5,3
2021/1/3,48,47,9,45,6,5
2020/7/1,88,57,67,25,3,6
2020/7/2,149,40,32,27,4,5
2020/7/3,98,33,59,17,2,4
2020/7/4,92,32,53,12,3,4
2020/7/5,94,29,43,21,3,4
2020/7/6,81,17,28,16,2,4
2020/7/7,55,36,38,24,3,5
2020/7/8,88,56,80,27,3,6
2020/7/9,139,32,28,22,2,4
2020/7/10,82,16,29,16,2,4
2020/7/11,48,12,22,14,,4
2020/7/12,45,14,21,18,,4
2020/7/13,53,20,19,15,2,3
2020/7/14,60,28,22,20,2,3
2020/7/15,73,28,37,23,3,4
2020/7/16,67,38,39,28,3,5
2020/7/17,90,41,60,21,3,5
2020/7/18,97,21,32,13,2,4
2020/7/19,74,16,43,15,3,6
2020/7/20,59,33,51,28,2,6
2020/7/21,88,27,44,32,2,6
2020/7/22,90,21,35,23,2,5
2020/7/23,75,11,31,18,3,3
2020/7/24,50,13,21,11,2,3
2020/7/25,42,11,41,9,3,3
2020/7/26,44,34,30,30,3,5
2020/7/27,85,24,26,29,2,6
2020/7/28,62,15,34,28,2,5
2020/7/29,60,22,46,22,4,5
2020/7/30,65,29,44,24,5,5
2020/7/31,71,16,35,10,2,4
2020/8/1,49,10,37,8,2,4
2020/8/2,41,12,51,9,,5
2020/8/3,49,34,49,9,4,5
2020/8/4,86,28,43,13,2,5
2020/8/5,78,15,28,11,2,4
2020/8/6,45,27,21,22,3,5
2020/8/7,70,16,20,19,3,5
2020/8/8,53,8,32,6,3,4
2020/8/9,35,14,27,15,3,5
2020/8/10,46,14,25,19,3,5
2020/8/11,42,30,62,25,4,4
2020/8/12,75,24,53,13,2,4
2020/8/13,58,27,64,14,4,5
2020/8/14,71,32,80,15,2,5
2020/8/15,111,18,38,7,4,4
2020/8/16,57,21,31,11,4,4
2020/8/17,70,33,33,21,3,4
2020/8/18,94,42,24,16,4,3
2020/8/19,110,36,32,16,3,4
2020/8/20,101,37,35,18,3,4
2020/8/21,105,25,24,15,2,4
2020/8/22,74,15,30,9,3,4
2020/8/23,52,28,34,16,3,4
2020/8/24,73,34,33,14,4,4
2020/8/25,80,29,27,19,2,4
2020/8/26,62,22,39,9,3,4
2020/8/27,38,23,50,14,2,4
2020/8/28,54,17,40,11,2,4
2020/8/29,36,17,47,7,3,4
2020/8/30,43,16,23,17,2,4
2020/8/31,27,22,44,20,4,3
2020/9/1,49,26,31,18,3,4
2020/9/2,67,17,37,10,3,3
2020/9/3,28,22,34,19,5,3
2020/9/4,42,38,46,30,4,4
2020/9/5,80,27,24,14,4,3
2020/9/6,64,14,30,10,3,3
2020/9/7,27,36,34,17,,4
2020/9/8,69,30,37,21,4,3
2020/9/9,66,35,42,22,4,4
2020/9/10,76,41,20,34,,4
2020/9/11,86,24,20,18,,3
2020/9/12,53,12,26,9,,2
2020/9/13,20,33,31,22,4,4
2020/9/14,59,40,55,22,4,4
2020/9/15,89,30,31,23,4,
2020/9/16,64,29,32,20,4,3
2020/9/17,49,25,31,21,4,3
2020/9/18,25,24,29,18,4,3
2020/9/19,36,20,28,12,4,3
2020/9/20,27,41,16,31,4,3
2020/9/21,71,32,17,28,4,3
2020/9/22,53,23,16,22,3,3
2020/9/23,33,22,16,22,3,2
2020/9/24,31,34,14,25,4,2
2020/9/25,63,34,26,23,,
2020/9/26,53,21,38,13,,2
2020/9/27,29,39,25,33,4,4
2020/9/28,71,54,40,36,4,4
2020/9/29,100,25,17,20,4,4
2020/9/30,76,19,44,11,4,3
2020/4/1,124,49,25,28,5,4
2020/4/2,103,58,33,28,6,4
2020/4/3,123,65,30,14,4,4
2020/4/4,96,47,34,13,4,3
2020/4/5,76,55,27,34,6,5
2020/4/6,92,54,29,23,5,3
2020/4/7,98,51,27,21,5,3
2020/4/8,78,52,29,21,5,3
2020/4/9,90,49,30,26,5,4
2020/4/10,104,36,32,18,5,4
2020/4/11,81,37,33,14,4,3
2020/4/12,85,37,27,24,4,3
2020/4/13,72,52,40,33,6,4
2020/4/14,106,63,47,42,6,5
2020/4/15,130,58,40,36,6,4
2020/4/16,124,49,27,28,4,4
2020/4/17,105,39,30,14,4,3
2020/4/18,85,31,22,22,4,4
2020/4/19,85,11,21,18,5,3
2020/4/20,47,29,28,15,4,3
2020/4/21,45,65,26,15,5,3
2020/4/22,59,45,29,16,7,3
2020/4/23,62,44,39,21,5,3
2020/4/24,61,55,53,15,6,3
2020/4/25,93,30,38,13,11,3
2020/4/26,62,38,33,24,7,3
2020/4/27,74,40,41,27,7,4
2020/4/28,85,47,46,25,6,4
2020/4/29,97,39,44,27,5,3
2020/4/30,82,50,41,11,4,3
2020/5/1,106,51,37,12,5,3
2020/5/2,109,38,33,17,5,3
2020/5/3,90,41,25,20,5,4
2020/5/4,80,43,28,26,7,4
2020/5/5,93,47,32,32,5,3
2020/5/6,95,41,33,30,5,3
2020/5/7,84,37,32,30,5,3
2020/5/8,77,20,32,19,4,3
2020/5/9,68,34,42,11,4,4
2020/5/10,96,92,40,21,5,5
2020/5/11,132,40,31,17,4,3
2020/5/12,77,37,28,27,4,4
2020/5/13,53,49,34,42,4,5
2020/5/14,82,38,18,38,3,5
2020/5/15,74,31,33,22,4,5
2020/5/16,87,46,48,12,2,5
2020/5/17,115,56,38,27,3,7
2020/5/18,125,25,31,17,2,3
2020/5/19,64,18,23,17,,2
2020/5/20,54,34,30,29,4,3
2020/5/21,82,60,39,31,4,4
2020/5/22,139,50,52,18,5,3
2020/5/23,117,32,36,9,3,3
2020/5/24,85,49,35,25,5,5
2020/5/25,131,51,32,27,3,4
2020/5/26,125,37,44,23,3,3
2020/5/27,88,35,42,29,5,4
2020/5/28,88,42,36,31,4,4
2020/5/29,92,53,111,37,4,5
2020/5/30,122,48,60,26,5,4
2020/5/31,114,27,39,18,4,3
2020/6/1,62,40,38,30,5,5
2020/6/2,94,45,59,16,3,4
2020/6/3,102,40,44,18,3,4
2020/6/4,92,55,51,26,4,4
2020/6/5,114,66,107,27,5,5
2020/6/6,147,47,56,12,4,4
2020/6/7,103,48,47,25,5,4
2020/6/8,102,55,54,32,4,4
2020/6/9,93,45,36,31,6,4
2020/6/10,82,36,36,21,4,4
2020/6/11,75,46,31,41,6,5
2020/6/12,93,56,101,28,5,4
2020/6/13,107,41,42,14,4,4
2020/6/14,82,32,40,17,4,3
2020/6/15,66,59,96,24,4,5
2020/6/16,137,59,69,28,5,6
2020/6/17,131,52,40,30,3,5
2020/6/18,112,42,45,19,2,
2020/6/19,83,42,70,17,4,5
2020/6/20,83,37,62,12,3,4
2020/6/21,82,45,48,28,3,4
2020/6/22,81,46,37,33,4,4
2020/6/23,83,35,26,27,3,4
2020/6/24,81,16,33,17,,4
2020/6/25,39,24,41,17,3,5
2020/6/26,64,29,47,19,4,4
2020/6/27,79,33,42,10,3,5
2020/6/28,85,42,33,30,3,6
2020/6/29,111,22,39,12,,3
2020/6/30,70,34,32,23,3,4
2020/1/1,76,55,3,40,6,6
2020/1/2,123,67,8,39,6,7
2020/1/3,144,62,17,43,6,8
2020/1/4,126,49,18,33,6,6
2020/1/5,107,54,3,46,5,7
2020/1/6,124,40,5,37,4,4
2020/1/7,96,31,22,21,4,5
2020/1/8,76,53,17,22,7,5
2020/1/9,129,67,9,39,7,7
2020/1/10,148,55,19,34,6,7
2020/1/11,126,37,23,14,6,5
2020/1/12,87,32,16,25,6,4
2020/1/13,62,47,9,40,6,5
2020/1/14,98,51,14,33,6,5
2020/1/15,99,53,13,34,6,5
2020/1/16,103,65,11,42,9,6
2020/1/17,130,61,15,40,7,7
2020/1/18,121,57,21,36,5,8
2020/1/19,129,52,21,27,6,5
2020/1/20,89,55,9,46,8,5
2020/1/21,105,58,4,52,6,6
2020/1/22,112,65,23,38,6,6
2020/1/23,142,59,24,19,,6
2020/1/24,150,44,16,22,5,5
2020/1/25,118,34,21,21,4,5
2020/1/26,90,8,25,11,,
2020/1/27,34,32,19,27,4,3
2020/1/28,97,39,13,34,4,4
2020/1/29,100,32,16,35,5,4
2020/1/30,82,45,16,35,5,5
2020/1/31,116,53,24,31,5,6
2020/2/1,138,53,24,24,6,6
2020/2/2,138,26,23,21,4,3
2020/2/3,72,24,22,26,5,4
2020/2/4,76,25,20,13,5,3
2020/2/5,61,40,11,30,6,4
2020/2/6,96,37,14,30,5,4
2020/2/7,99,36,25,18,4,4
2020/2/8,101,26,28,23,6,4
2020/2/9,80,44,19,47,6,5
2020/2/10,123,52,18,61,8,8
2020/2/11,130,57,13,54,7,7
2020/2/12,157,56,17,30,4,6
2020/2/13,152,66,13,43,5,6
2020/2/14,167,61,27,38,5,7
2020/2/15,156,16,20,12,4,4
2020/2/16,65,21,20,17,4,3
2020/2/17,66,19,19,24,4,3
2020/2/18,68,32,9,50,,6
2020/2/19,112,51,10,47,6,6
2020/2/20,143,52,27,44,5,6
2020/2/21,134,49,27,15,4,5
2020/2/22,134,14,30,17,6,3
2020/2/23,53,30,21,35,6,4
2020/2/24,100,31,17,34,4,4
2020/2/25,128,20,18,27,4,3
2020/2/26,66,16,17,31,4,3
2020/2/27,86,37,8,40,5,5
2020/2/28,119,41,26,27,4,4
2020/2/29,105,45,24,20,5,5
2020/3/1,111,43,24,20,5,4
2020/3/2,100,42,27,33,6,4
2020/3/3,115,48,28,20,5,4
2020/3/4,109,38,26,24,5,4
2020/3/5,89,53,14,44,6,4
2020/3/6,122,62,14,47,7,5
2020/3/7,141,64,32,42,5,6
2020/3/8,155,71,23,48,6,6
2020/3/9,153,58,18,26,6,5
2020/3/10,133,39,23,19,5,3
2020/3/11,65,40,26,26,6,4
2020/3/12,67,45,23,19,4,3
2020/3/13,76,44,29,21,6,4
2020/3/14,84,44,26,13,4,4
2020/3/15,70,30,22,21,5,3
2020/3/16,67,49,27,27,5,4
2020/3/17,96,56,33,30,6,5
2020/3/18,118,56,48,16,4,4
2020/3/19,93,44,25,20,4,3
2020/3/20,50,51,36,20,5,3
2020/3/21,80,42,34,9,4,3
2020/3/22,74,56,27,30,6,4
2020/3/23,118,62,30,37,5,5
2020/3/24,134,63,39,41,6,5
2020/3/25,133,58,32,40,5,5
2020/3/26,124,57,25,17,4,4
2020/3/27,111,45,27,15,4,4
2020/3/28,56,46,32,17,5,3
2020/3/29,73,,,,,
2019/10/10,81,64,25,35,7,5
2019/10/11,123,42,23,22,6,3
2019/10/12,75,31,24,23,6,4
2019/10/13,63,53,21,25,7,4
2019/10/14,87,47,18,30,7,4
2019/10/15,82,53,26,33,7,5
2019/10/16,95,55,16,43,7,5
2019/10/17,106,46,12,43,7,5
2019/10/18,88,36,29,25,7,4
2019/10/19,69,53,30,31,7,5
2019/10/20,114,72,28,46,7,6
2019/10/21,136,68,20,50,7,7
2019/10/22,130,45,13,41,6,5
2019/10/23,91,58,20,41,6,4
2019/10/24,113,46,20,31,6,4
2019/10/25,93,33,21,17,6,4
2019/10/26,69,32,27,26,7,4
2019/10/27,70,40,24,35,8,6
2019/10/28,84,92,20,28,7,4
2019/10/29,93,44,18,38,8,5
2019/10/30,77,77,39,32,8,5
2019/10/31,101,85,29,44,7,6
2019/11/1,126,78,17,53,14,7
2019/11/2,144,59,24,28,7,5
2019/11/3,116,34,15,34,7,4
2019/11/4,72,53,22,43,9,6
2019/11/5,103,62,13,43,10,6
2019/11/6,113,63,22,30,8,4
2019/11/7,106,59,18,35,8,4
2019/11/8,88,56,22,41,8,6
2019/11/9,113,48,19,39,7,6
2019/11/10,111,38,21,27,5,5
2019/11/11,77,68,6,55,6,7
2019/11/12,127,57,5,47,6,7
2019/11/13,122,,,,4,3
2019/11/14,42,46,2,50,4,7
2019/11/15,105,58,5,41,5,6
2019/11/16,131,32,7,37,4,5
2019/11/17,73,57,22,17,,4
2019/11/18,57,39,18,23,4,4
2019/11/19,64,38,16,33,6,5
2019/11/20,77,60,4,51,6,7
2019/11/21,113,72,5,50,6,8
2019/11/22,132,62,4,58,7,9
2019/11/23,116,,17,35,4,8
2019/11/25,91,50,6,37,6,6
2019/11/26,110,56,14,24,6,5
2019/11/27,104,50,12,28,6,4
2019/11/28,93,55,17,36,6,5
2019/11/29,107,64,4,49,8,7
2019/11/30,135,46,12,34,5,6
2019/12/1,117,36,15,20,6,3
2019/12/2,77,44,2,47,5,6
2019/12/3,96,47,12,35,5,5
2019/12/4,100,35,17,19,5,4
2019/12/9,146,97,16,55,6,9
2019/12/10,183,66,25,25,5,6
2019/12/11,131,34,15,24,4,4
2019/12/12,69,31,6,42,6,5
2019/12/13,61,44,17,23,6,5
2019/12/14,92,51,6,38,5,7
2019/12/15,109,65,3,51,6,8
2019/12/16,132,36,11,30,5,5
2019/12/17,84,47,15,22,4,5
2019/12/18,98,36,18,27,5,4
2019/12/19,60,43,15,29,6,5
2019/12/20,87,37,4,42,6,6
2019/12/21,84,56,11,42,5,8
2019/12/22,133,56,13,34,5,6
2019/12/23,132,68,12,40,6,7
2019/12/24,153,59,6,42,6,7
2019/12/25,133,58,13,32,5,6
2019/12/26,126,43,16,33,5,5
2019/12/27,87,45,9,43,6,6
2019/12/28,80,45,5,40,4,6
2019/12/29,89,,,,,
2019/7/1,108,39,49,12,6,4
2019/7/2,97,47,36,20,7,4
2019/7/3,107,44,36,24,7,5
2019/7/4,103,50,63,29,6,5
2019/7/5,120,41,64,24,6,5
2019/7/6,88,24,39,7,,3
2019/7/7,64,19,30,16,,4
2019/7/8,53,22,30,18,,3
2019/7/9,58,23,24,18,,4
2019/7/10,56,25,18,10,5,3
2019/7/11,69,21,27,13,6,4
2019/7/12,62,37,50,11,8,5
2019/7/13,102,56,62,14,8,6
2019/7/14,146,64,40,24,6,6
2019/7/15,152,53,35,23,8,5
2019/7/16,151,70,45,26,9,6
2019/7/17,166,73,98,26,9,6
2019/7/18,167,54,50,26,7,5
2019/7/19,125,16,13,9,,3
2019/7/20,55,19,33,6,6,4
2019/7/21,86,45,42,10,7,4
2019/7/22,124,29,24,11,7,3
2019/7/23,92,27,16,13,6,4
2019/7/24,86,30,28,17,7,4
2019/7/25,87,23,31,22,6,4
2019/7/26,76,26,45,15,7,5
2019/7/27,80,15,27,6,6,3
2019/7/28,63,15,16,4,6,3
2019/7/29,58,17,21,5,6,2
2019/7/30,60,19,21,12,6,3
2019/7/31,66,16,20,13,6,3
2019/8/1,67,22,28,13,6,3
2019/8/2,72,30,73,19,6,5
2019/8/3,82,38,79,19,8,5
2019/8/4,104,51,54,25,7,5
2019/8/5,134,40,35,23,6,5
2019/8/6,106,29,22,20,8,4
2019/8/7,80,43,40,13,8,4
2019/8/8,124,32,21,17,7,3
2019/8/9,85,32,48,14,6,4
2019/8/10,83,23,26,5,6,3
2019/8/11,67,21,19,14,5,4
2019/8/12,81,32,46,24,7,5
2019/8/13,101,33,41,25,6,4
2019/8/14,87,21,13,10,6,3
2019/8/15,60,24,43,10,8,5
2019/8/16,71,37,57,8,7,5
2019/8/17,89,27,51,8,8,6
2019/8/18,74,42,50,24,6,5
2019/8/19,99,45,67,23,6,6
2019/8/20,116,43,37,21,7,5
2019/8/21,114,50,43,19,6,6
2019/8/22,119,43,40,17,7,5
2019/8/23,97,33,31,20,8,5
2019/8/24,78,24,42,10,7,5
2019/8/25,70,39,54,18,7,5
2019/8/26,103,39,42,21,7,5
2019/8/27,109,33,44,14,7,5
2019/8/28,91,39,47,14,7,5
2019/8/29,108,26,31,16,6,5
2019/8/30,75,24,34,15,8,5
2019/8/31,67,30,42,17,6,5
2019/9/1,86,48,35,28,7,5
2019/9/2,115,37,21,27,6,5
2019/9/3,102,21,18,25,6,5
2019/9/4,80,19,8,25,,5
2019/9/5,66,28,13,24,5,5
2019/9/6,82,21,22,6,5,3
2019/9/7,56,47,36,11,7,6
2019/9/8,116,54,24,31,6,6
2019/9/9,129,25,13,31,5,5
2019/9/10,86,20,35,20,6,4
2019/9/11,64,12,21,9,,3
2019/9/12,47,19,37,12,6,4
2019/9/13,60,25,28,15,6,4
2019/9/14,76,26,38,10,6,5
2019/9/15,73,37,28,23,6,4
2019/9/16,73,37,32,30,6,4
2019/9/17,66,53,27,19,6,3
2019/9/18,71,49,26,24,7,4
2019/9/19,72,50,13,29,7,5
2019/9/20,80,36,12,26,7,3
2019/9/21,81,12,29,11,,3
2019/9/22,35,25,32,18,7,4
2019/9/23,52,36,28,31,8,4
2019/9/24,73,53,32,40,9,5
2019/9/25,103,48,26,33,6,5
2019/9/26,102,45,15,41,6,5
2019/9/27,88,50,31,27,7,4
2019/9/28,100,49,51,21,7,4
2019/9/29,99,63,7,34,6,5
2019/9/30,145,,,,,
2019/4/1,61,43,36,23,7,6
2019/4/2,75,51,36,30,7,5
2019/4/3,94,39,40,19,7,4
2019/4/4,77,65,38,17,6,5
2019/4/5,86,72,20,40,7,6
2019/4/6,108,44,36,16,5,4
2019/4/7,68,51,33,25,7,4
2019/4/8,68,47,20,34,5,5
2019/4/9,80,27,28,24,5,4
2019/4/10,62,45,30,34,7,6
2019/4/11,93,58,39,33,9,6
2019/4/12,117,53,48,27,8,5
2019/4/13,114,45,42,16,8,4
2019/4/14,82,55,40,24,7,5
2019/4/15,68,55,37,43,9,5
2019/4/16,99,59,44,42,8,7
2019/4/17,110,43,32,21,7,4
2019/4/18,92,66,26,30,5,5
2019/4/19,119,50,41,18,6,4
2019/4/20,92,37,36,13,5,4
2019/4/21,94,89,36,40,7,6
2019/4/22,141,93,30,47,11,7
2019/4/23,160,63,35,30,6,5
2019/4/24,139,53,18,30,5,5
2019/4/25,106,30,26,26,4,3
2019/4/26,70,31,33,23,5,4
2019/4/27,73,20,43,16,6,4
2019/4/28,57,46,23,42,5,5
2019/4/29,95,53,42,36,6,6
2019/4/30,108,52,41,18,6,4
2019/5/1,90,57,35,23,6,4
2019/5/2,69,60,65,32,10,6
2019/5/3,104,77,63,34,11,7
2019/5/4,153,71,71,28,8,6
2019/5/5,137,47,36,11,5,3
2019/5/6,50,53,42,24,7,5
2019/5/7,74,52,54,18,7,5
2019/5/8,82,49,40,21,9,4
2019/5/9,88,61,58,32,10,5
2019/5/10,120,60,47,38,10,6
2019/5/11,118,56,69,37,9,6
2019/5/12,115,57,43,38,9,5
2019/5/13,111,52,53,31,9,5
2019/5/14,113,63,64,30,8,6
2019/5/15,134,69,56,32,7,6
2019/5/16,137,61,41,37,7,5
2019/5/17,133,45,40,18,9,4
2019/5/18,89,16,27,11,4,4
2019/5/19,53,38,33,8,5,4
2019/5/20,55,55,61,14,7,5
2019/5/21,76,60,67,14,8,5
2019/5/22,96,68,84,23,10,6
2019/5/23,131,81,115,41,10,7
2019/5/24,156,68,80,13,9,6
2019/5/25,124,45,69,17,8,5
2019/5/26,81,26,40,10,5,4
2019/5/27,63,31,39,15,6,3
2019/5/28,50,53,59,18,7,5
2019/5/29,94,51,64,18,8,4
2019/5/30,92,22,44,13,7,3
2019/5/31,51,33,49,11,7,4
2019/6/1,78,41,67,20,7,5
2019/6/2,81,42,53,26,7,5
2019/6/3,74,38,33,17,8,5
2019/6/4,80,55,42,25,7,5
2019/6/5,126,62,30,29,5,6
2019/6/6,135,31,41,19,,4
2019/6/7,73,36,52,23,6,5
2019/6/8,80,39,48,14,8,5
2019/6/9,94,20,23,18,,4
2019/6/10,53,23,34,18,4,3
2019/6/11,59,38,33,22,6,4
2019/6/12,79,34,41,20,7,4
2019/6/13,76,51,42,23,6,
2019/6/14,106,46,39,12,5,4
2019/6/15,89,24,49,11,6,4
2019/6/16,60,27,36,14,8,4
2019/6/17,63,44,39,19,7,4
2019/6/18,97,38,42,14,6,4
2019/6/19,91,,,,,
2019/6/21,80,23,47,15,5,4
2019/6/22,51,17,42,9,5,3
2019/6/23,44,30,46,19,7,4
2019/6/24,65,43,71,22,9,4
2019/6/25,94,54,56,35,6,5
2019/6/26,115,37,48,19,8,4
2019/6/27,100,52,37,21,9,5
2019/6/28,128,42,35,17,7,5
2019/6/29,107,40,38,8,6,4
2019/6/30,103,44,46,15,7,6
2019/1/1,87,52,13,46,8,6
2019/1/2,102,55,14,45,8,5
2019/1/3,106,68,5,69,10,10
2019/1/4,147,64,20,31,7,5
2019/1/5,113,50,17,30,7,5
2019/1/6,80,67,13,52,9,8
2019/1/7,139,56,16,31,8,5
2019/1/8,91,66,11,39,8,5
2019/1/9,112,60,7,43,7,5
2019/1/10,123,84,4,66,9,9
2019/1/11,169,84,15,48,7,7
2019/1/12,165,87,21,43,9,9
2019/1/13,171,116,4,68,10,12
2019/1/14,212,107,16,38,7,9
2019/1/15,170,49,17,25,7,3
2019/1/16,70,52,14,37,7,5
2019/1/17,95,69,11,49,6,7
2019/1/18,146,77,17,52,6,8
2019/1/19,155,65,22,17,5,5
2019/1/20,99,45,17,29,5,4
2019/1/21,73,66,16,40,8,8
2019/1/22,121,74,18,37,9,8
2019/1/23,127,54,18,35,7,4
2019/1/24,95,67,19,34,7,5
2019/1/25,105,53,22,17,6,3
2019/1/26,86,38,23,29,7,5
2019/1/27,73,74,22,23,7,4
2019/1/28,90,74,9,47,10,5
2019/1/29,108,71,10,53,10,7
2019/1/30,127,79,18,23,6,3
2019/1/31,94,44,18,28,7,4
2019/2/1,69,60,17,40,7,5
2019/2/2,115,43,18,29,5,5
2019/2/3,104,63,26,16,7,4
2019/2/4,108,75,28,38,9,6
2019/2/5,94,81,22,46,9,8
2019/2/6,123,62,22,16,6,4
2019/2/7,107,45,21,19,6,3
2019/2/8,78,48,23,15,6,3
2019/2/9,77,45,20,15,7,3
2019/2/10,81,47,24,23,8,4
2019/2/11,86,67,23,36,9,6
2019/2/12,142,53,21,27,8,3
2019/2/13,105,64,15,38,10,5
2019/2/14,125,43,16,33,9,4
2019/2/15,110,58,27,18,7,5
2019/2/16,149,36,28,24,8,4
2019/2/17,88,53,11,45,8,5
2019/2/18,123,54,14,36,7,5
2019/2/19,138,53,24,27,8,6
2019/2/20,158,71,22,44,9,7
2019/2/21,161,72,24,50,9,8
2019/2/22,155,70,22,51,9,7
2019/2/23,142,73,37,49,12,9
2019/2/24,162,75,26,34,8,6
2019/2/25,150,69,22,38,7,4
2019/2/26,124,77,21,52,12,6
2019/2/27,154,79,30,51,9,6
2019/2/28,154,101,36,52,10,9
2019/3/1,178,112,32,60,8,10
2019/3/2,188,90,50,40,7,7
2019/3/3,168,133,41,48,10,8
2019/3/4,203,121,32,34,9,7
2019/3/5,200,109,32,42,9,7
2019/3/6,188,70,33,27,6,5
2019/3/7,142,56,30,37,8,4
2019/3/8,105,59,23,50,9,6
2019/3/9,126,63,32,27,6,3
2019/3/10,139,69,23,35,7,6
2019/3/11,142,71,32,23,6,7
2019/3/12,125,47,28,15,6,5
2019/3/13,55,53,30,28,8,6
2019/3/14,90,57,29,26,5,5
2019/3/15,117,46,30,19,7,5
2019/3/16,97,46,35,24,7,5
2019/3/17,92,47,20,36,10,5
2019/3/18,87,67,29,46,10,7
2019/3/19,132,86,17,55,6,8
2019/3/20,170,44,30,19,5,5
2019/3/21,105,48,29,16,4,4
2019/3/22,78,36,28,21,6,5
2019/3/23,75,34,36,16,6,5
2019/3/24,60,45,40,20,6,4
2019/3/25,91,53,28,20,6,5
2019/3/26,102,,,,,
2019/3/28,104,50,33,21,6,4
2019/3/29,85,39,36,13,4,5
2019/3/30,83,44,31,12,6,4
2019/3/31,86,34,33,19,6,4
2018/10/1,37,32,28,23,4,4
2018/10/2,59,41,28,36,5,5
2018/10/3,72,42,24,37,4,5
2018/10/4,80,37,18,34,4,4
2018/10/5,83,15,26,20,3,3
2018/10/6,34,34,29,18,5,5
2018/10/7,53,38,19,40,5,5
2018/10/8,61,46,14,39,5,6
2018/10/9,74,29,17,21,6,4
2018/10/10,57,34,13,26,4,3
2018/10/11,62,40,16,34,5,4
2018/10/12,73,53,21,43,5,6
2018/10/13,97,48,37,33,5,5
2018/10/14,96,65,39,43,6,7
2018/10/15,122,59,24,35,5,5
2018/10/16,107,47,24,34,5,5
2018/10/17,78,47,9,35,4,4
2018/10/18,82,40,13,35,5,4
2018/10/19,76,56,16,44,6,6
2018/10/20,94,54,30,45,6,6
2018/10/21,101,70,33,59,8,7
2018/10/22,138,67,27,48,6,7
2018/10/23,117,55,21,45,6,6
2018/10/24,89,71,14,62,8,7
2018/10/25,117,50,18,41,7,6
2018/10/26,98,31,19,19,4,3
2018/10/27,31,20,17,25,5,4
2018/10/28,45,28,15,28,5,4
2018/10/29,53,31,16,24,5,4
2018/10/30,61,34,11,25,6,3
2018/10/31,74,40,7,58,7,6
2018/11/1,91,40,7,63,6,7
2018/11/2,131,40,21,57,5,7
2018/11/3,136,40,33,38,5,6
2018/11/4,120,72,20,47,5,7
2018/11/5,146,98,7,61,6,10
2018/11/6,177,81,7,41,4,8
2018/11/7,162,24,16,31,2,5
2018/11/8,55,40,30,19,5,6
2018/11/9,74,68,33,32,6,7
2018/11/10,145,61,14,31,4,7
2018/11/11,125,49,19,36,4,5
2018/11/12,92,64,17,42,6,6
2018/11/13,120,59,14,46,5,6
2018/11/14,113,76,8,65,6,8
2018/11/15,153,67,19,43,5,7
2018/11/16,139,45,15,32,4,4
2018/11/17,76,47,16,34,6,6
2018/11/18,89,74,15,54,7,9
2018/11/19,144,60,20,45,7,6
2018/11/20,87,52,15,36,5,4
2018/11/21,99,35,19,26,5,4
2018/11/22,61,40,16,39,5,5
2018/11/23,74,30,11,41,4,6
2018/11/24,69,51,15,43,5,8
2018/11/25,121,73,11,61,7,11
2018/11/26,153,112,12,53,7,10
2018/11/27,163,112,17,34,5,5
2018/11/28,121,85,5,45,6,6
2018/11/29,131,66,15,38,5,5
2018/11/30,110,62,11,53,6,8
2018/12/1,106,60,6,46,5,8
2018/12/2,111,45,12,41,4,6
2018/12/3,90,48,16,22,4,5
2018/12/4,89,43,18,25,4,4
2018/12/5,72,50,16,26,6,5
2018/12/6,82,38,20,17,4,4
2018/12/7,57,32,20,15,5,4
2018/12/8,50,27,23,17,5,4
2018/12/9,52,60,7,49,7,7
2018/12/10,113,68,6,45,7,7
2018/12/11,136,51,20,28,7,5
2018/12/12,92,49,16,32,7,5
2018/12/13,103,45,16,31,7,5
2018/12/14,89,65,6,49,7,7
2018/12/15,150,57,6,48,7,9
2018/12/16,137,73,13,39,9,8
2018/12/17,146,57,15,52,8,8
2018/12/18,111,63,9,56,10,8
2018/12/19,117,79,7,62,8,7
2018/12/20,156,94,2,77,11,10
2018/12/21,171,84,15,51,9,8
2018/12/22,167,57,23,22,6,4
2018/12/23,97,29,14,19,5,3
2018/12/24,63,,,,,
2018/12/27,64,48,16,23,7,3
2018/12/28,74,48,18,21,6,3
2018/12/29,61,37,17,24,6,4
2018/12/30,66,,,,,
2018/7/1,25,15,34,18,4,3
2018/7/2,29,28,24,27,3,4
2018/7/3,38,36,27,19,5,4
2018/7/4,49,39,30,22,3,4
2018/7/5,58,20,15,17,,3
2018/7/6,18,18,29,15,,
2018/7/7,11,20,39,13,5,4
2018/7/8,21,20,13,22,3,4
2018/7/9,26,32,12,27,4,4
2018/7/10,50,35,17,18,6,4
2018/7/11,57,32,10,16,6,4
2018/7/12,46,27,15,16,6,3
2018/7/13,34,24,24,14,6,3
2018/7/14,35,23,30,13,10,3
2018/7/15,45,29,31,20,8,3
2018/7/16,50,34,17,19,9,3
2018/7/17,65,45,22,21,10,4
2018/7/18,63,43,31,19,10,3
2018/7/19,75,42,37,25,7,4
2018/7/20,70,41,69,24,7,4
2018/7/21,68,31,53,16,4,3
2018/7/22,52,39,46,24,12,4
2018/7/23,63,48,89,27,6,4
2018/7/24,80,30,31,13,5,3
2018/7/25,55,41,38,19,7,4
2018/7/26,74,46,42,23,7,4
2018/7/27,74,47,37,28,5,4
2018/7/28,71,28,31,13,3,3
2018/7/29,29,28,33,21,3,3
2018/7/30,34,29,57,21,4,3
2018/7/31,27,46,69,23,6,4
2018/8/1,64,43,81,21,9,4
2018/8/2,62,46,67,18,7,4
2018/8/3,80,28,33,12,6,3
2018/8/4,45,28,26,8,6,
2018/8/5,26,38,26,17,6,4
2018/8/6,55,30,40,20,6,4
2018/8/7,44,28,21,16,7,4
2018/8/8,40,29,23,19,5,4
2018/8/9,45,39,33,24,4,4
2018/8/10,65,19,55,16,5,4
2018/8/11,27,21,52,10,5,3
2018/8/12,32,38,38,21,6,4
2018/8/13,73,41,27,23,7,4
2018/8/14,63,36,72,20,5,3
2018/8/15,57,32,24,21,3,3
2018/8/16,42,23,27,20,3,4
2018/8/17,24,26,42,15,3,3
2018/8/18,21,35,73,17,6,4
2018/8/19,43,47,59,18,6,4
2018/8/20,75,33,29,19,5,4
2018/8/21,32,51,48,31,4,5
2018/8/22,90,34,11,22,2,3
2018/8/23,37,17,23,12,3,3
2018/8/24,17,27,39,12,5,4
2018/8/25,26,24,36,17,4,4
2018/8/26,37,20,20,29,3,4
2018/8/27,29,20,8,27,3,4
2018/8/28,25,15,11,14,5,3
2018/8/29,15,28,36,20,5,4
2018/8/30,54,29,34,21,5,4
2018/8/31,43,32,36,23,4,5
2018/9/1,45,18,47,12,4,3
2018/9/2,15,24,21,25,4,5
2018/9/3,22,33,29,22,5,4
2018/9/4,49,31,44,16,5,4
2018/9/5,21,44,57,17,7,5
2018/9/6,58,32,44,17,5,4
2018/9/7,43,41,33,22,5,4
2018/9/8,56,33,43,16,5,4
2018/9/9,41,28,28,24,4,3
2018/9/10,31,24,25,24,,3
2018/9/11,31,29,31,26,4,4
2018/9/12,36,37,21,39,5,5
2018/9/13,60,42,14,37,4,4
2018/9/14,77,23,20,27,8,4
2018/9/15,39,44,38,16,4,4
2018/9/16,81,42,33,24,5,5
2018/9/17,67,56,32,35,5,5
2018/9/18,95,64,27,38,5,6
2018/9/19,114,37,19,30,3,4
2018/9/20,70,19,19,30,3,4
2018/9/21,43,37,38,25,4,5
2018/9/22,55,40,43,20,5,5
2018/9/23,54,17,29,10,4,3
2018/9/24,25,20,26,16,4,4
2018/9/25,35,12,26,15,3,3
2018/9/26,26,26,22,29,3,4
2018/9/27,50,23,15,32,3,4
2018/9/28,43,24,27,28,4,4
2018/9/29,44,34,31,17,3,4
2018/9/30,56,20,26,15,3,4
2018/4/1,111,59,42,17,9,4
2018/4/2,90,54,29,16,8,4
2018/4/3,66,31,28,16,5,3
2018/4/4,60,24,17,22,3,4
2018/4/5,46,75,30,13,6,5
2018/4/6,86,44,37,10,7,4
2018/4/7,64,30,37,13,7,5
2018/4/8,49,49,24,28,8,6
2018/4/9,107,49,40,24,6,7
2018/4/10,90,55,39,16,9,5
2018/4/11,79,53,31,23,10,5
2018/4/12,74,53,26,32,9,5
2018/4/13,82,32,35,17,5,3
2018/4/14,59,56,34,12,7,5
2018/4/15,70,46,34,22,7,5
2018/4/16,86,58,44,28,10,5
2018/4/17,107,62,35,35,10,5
2018/4/18,116,60,62,29,11,5
2018/4/19,111,79,81,39,15,7
2018/4/20,152,87,5,50,11,8
2018/4/21,164,48,26,21,6,4
2018/4/22,82,27,39,16,5,3
2018/4/23,53,,,,,
2018/5/16,49,18,15,25,3,3
2018/5/17,51,25,12,21,3,3
2018/5/18,77,19,30,17,,2
2018/5/19,33,19,27,22,3,3
2018/5/20,60,24,33,24,4,3
2018/5/21,56,49,33,30,4,4
2018/5/22,95,44,35,19,4,3
2018/5/23,53,80,62,19,6,4
2018/5/24,86,79,53,28,8,4
2018/5/25,102,79,83,41,6,4
2018/5/26,133,58,50,22,9,4
2018/5/27,82,55,40,36,6,4
2018/5/28,88,38,40,21,6,3
2018/5/29,74,42,34,21,4,3
2018/5/30,83,44,37,25,5,4
2018/5/31,70,49,51,40,7,5
2018/6/1,81,47,45,32,10,4
2018/6/2,71,45,55,28,6,4
2018/6/3,73,44,39,29,8,4
2018/6/4,70,54,55,25,7,4
2018/6/5,92,52,43,23,9,4
2018/6/6,101,49,35,27,6,4
2018/6/7,83,40,34,18,5,3
2018/6/8,66,60,63,23,4,4
2018/6/9,100,20,32,12,,3
2018/6/10,18,27,20,22,3,3
2018/6/11,35,35,28,19,3,3
2018/6/12,44,40,43,19,6,3
2018/6/13,60,52,29,33,3,4
2018/6/14,82,30,29,25,3,3
2018/6/15,38,34,46,21,6,4
2018/6/16,43,63,49,28,6,4
2018/6/17,98,58,43,31,8,5
2018/6/18,91,48,46,30,11,4
2018/6/19,80,52,38,19,5,3
2018/6/20,87,50,42,23,6,4
2018/6/21,82,57,44,33,8,5
2018/6/22,97,46,48,21,8,4
2018/6/23,70,58,82,15,7,4
2018/6/24,98,62,67,31,8,4
2018/6/25,95,54,44,27,7,5
2018/6/26,98,32,45,18,7,5
2018/6/27,52,35,28,23,4,4
2018/6/28,55,40,56,20,5,5
2018/6/29,69,56,32,31,4,6
2018/6/30,92,19,17,19,,4
2018/1/1,83,51,16,31,6,9
2018/1/2,101,47,21,21,5,5
2018/1/3,74,52,18,27,6,5
2018/1/4,92,61,16,33,7,6
2018/1/5,116,55,20,33,7,7
2018/1/6,109,63,5,38,6,9
2018/1/7,139,55,13,33,7,7
2018/1/8,121,43,21,21,6,4
2018/1/9,72,43,17,20,4,4
2018/1/10,69,40,18,17,5,5
2018/1/11,72,39,20,25,7,5
2018/1/12,70,58,5,43,6,8
2018/1/13,127,62,20,34,6,8
2018/1/14,152,72,16,40,10,7
2018/1/15,139,113,5,61,10,12
2018/1/16,189,83,16,45,10,9
2018/1/17,173,75,17,35,9,7
2018/1/18,154,59,20,35,9,6
2018/1/19,99,82,24,35,11,9
2018/1/20,141,53,21,27,6,6
2018/1/21,105,55,17,33,6,6
2018/1/22,107,37,24,17,5,4
2018/1/23,60,44,25,15,5,4
2018/1/24,48,36,24,14,5,4
2018/1/25,52,48,24,17,5,5
2018/1/26,69,51,14,27,5,6
2018/1/27,90,37,30,18,6,5
2018/1/28,67,56,25,20,6,5
2018/1/29,65,49,17,30,7,7
2018/1/30,76,50,18,31,7,6
2018/1/31,88,48,22,31,7,6
2018/2/1,93,61,15,33,8,6
2018/2/2,113,44,23,15,7,5
2018/2/3,68,27,24,16,5,4
2018/2/4,50,35,23,19,6,5
2018/2/5,57,35,25,16,5,4
2018/2/6,64,45,20,27,7,6
2018/2/7,84,58,13,41,10,9
2018/2/8,119,85,5,50,8,11
2018/2/9,163,44,23,19,10,4
2018/2/10,66,50,30,15,7,4
2018/2/11,55,50,28,20,9,4
2018/2/12,57,48,27,24,10,5
2018/2/13,59,58,34,23,11,5
2018/2/14,89,41,35,14,7,4
2018/2/15,54,44,34,18,7,5
2018/2/16,72,47,33,13,8,4
2018/2/17,43,42,29,20,8,5
2018/2/18,61,60,22,32,9,8
2018/2/19,120,66,30,32,7,7
2018/2/20,122,48,33,23,7,4
2018/2/21,75,46,37,22,9,5
2018/2/22,83,75,36,8,7,7
2018/2/23,147,67,33,20,8,6
2018/2/24,131,49,34,20,10,6
2018/2/25,94,64,25,40,14,8
2018/2/26,128,87,12,57,13,9
2018/2/27,162,74,16,44,8,8
2018/2/28,144,46,39,15,6,5
2018/3/1,83,66,35,26,10,5
2018/3/2,77,58,28,38,10,6
2018/3/3,93,43,17,29,7,6
2018/3/4,102,29,33,19,6,3
2018/3/5,49,49,26,26,7,5
2018/3/6,91,43,26,26,7,4
2018/3/7,83,45,30,21,6,5
2018/3/8,105,55,27,28,9,7
2018/3/9,133,45,36,23,10,6
2018/3/10,100,62,38,22,11,6
2018/3/11,131,88,46,39,12,8
2018/3/12,167,59,36,36,11,7
2018/3/13,103,33,34,20,14,3
2018/3/14,47,33,25,23,7,4
2018/3/15,66,29,30,26,5,4
2018/3/16,51,40,24,31,6,5
2018/3/17,83,59,28,31,7,5
2018/3/18,140,49,26,30,4,4
2018/3/19,112,35,35,20,3,3
2018/3/20,54,37,33,24,2,3
2018/3/21,67,47,40,22,7,5
2018/3/22,85,61,43,27,11,6
2018/3/23,144,84,50,27,13,8
2018/3/24,166,99,65,25,12,9
2018/3/25,182,83,53,29,9,7
2018/3/26,159,81,53,32,11,7
2018/3/27,161,54,48,20,9,5
2018/3/28,121,65,35,26,10,6
2018/3/29,143,63,45,27,7,5
2018/3/30,128,56,56,23,11,5
2018/3/31,97,66,39,15,8,4
2017/10/1,76,27,34,15,9,3
2017/10/2,31,33,29,9,9,2
2017/10/3,22,26,30,10,9,2
2017/10/4,15,21,33,14,8,3
2017/10/5,13,20,26,14,8,2
2017/10/6,11,19,29,16,10,3
2017/10/7,20,26,43,17,11,3
2017/10/8,41,27,36,21,14,4
2017/10/9,57,29,29,19,12,3
2017/10/10,65,21,22,15,9,3
2017/10/11,31,32,15,20,10,3
2017/10/12,46,38,20,25,10,4
2017/10/13,63,34,22,27,9,4
2017/10/14,61,33,27,23,9,3
2017/10/15,40,43,21,28,9,4
2017/10/16,70,48,22,36,11,4
2017/10/17,76,34,20,32,9,4
2017/10/18,63,36,21,30,9,4
2017/10/19,63,42,25,32,10,4
2017/10/20,69,49,25,29,9,4
2017/10/21,88,37,30,17,9,3
2017/10/22,55,33,28,26,9,3
2017/10/23,47,42,22,39,10,4
2017/10/24,70,55,7,51,11,6
2017/10/25,97,60,22,38,5,4
2017/10/26,124,53,35,32,5,5
2017/10/27,126,49,39,35,5,5
2017/10/28,113,50,29,16,4,3
2017/10/29,69,33,10,18,5,2
2017/10/30,52,31,25,27,6,4
2017/10/31,56,30,31,22,6,3
2017/11/1,67,31,31,22,7,3
2017/11/2,81,34,24,18,6,3
2017/11/3,76,56,11,19,5,3
2017/11/4,127,30,15,24,6,4
2017/11/5,70,31,16,30,8,5
2017/11/6,73,40,17,36,7,4
2017/11/7,94,46,32,20,8,3
2017/11/8,89,34,,24,8,4
2017/11/9,69,34,11,17,9,3
2017/11/10,52,47,12,15,9,3
2017/11/11,42,29,12,22,10,5
2017/11/12,58,35,12,32,11,6
2017/11/13,81,38,20,19,10,5
2017/11/14,55,28,20,19,9,4
2017/11/15,51,30,18,24,10,4
2017/11/16,66,41,10,34,9,5
2017/11/17,95,35,14,13,8,2
2017/11/18,55,24,16,14,9,1
2017/11/19,37,36,9,28,10,2
2017/11/20,78,47,4,41,12,5
2017/11/21,110,32,2,39,10,4
2017/11/22,103,18,8,16,8,2
2017/11/24,48,29,8,20,9,3
2017/11/25,66,28,13,15,9,3
2017/11/26,78,44,6,24,13,4
2017/11/27,108,49,5,25,12,5
2017/11/28,145,47,18,7,4,3
2017/11/29,73,28,29,13,2,3
2017/11/30,42,27,25,20,4,5
2017/12/1,53,32,23,23,5,7
2017/12/2,81,40,23,22,5,7
2017/12/3,114,35,26,19,4,6
2017/12/4,84,54,14,20,4,4
2017/12/5,49,41,8,30,3,6
2017/12/6,90,49,11,29,4,5
2017/12/7,119,39,15,23,4,4
2017/12/8,81,45,5,36,5,7
2017/12/9,91,41,17,27,4,6
2017/12/10,97,45,14,15,3,4
2017/12/11,46,43,13,19,2,5
2017/12/12,72,43,15,22,3,5
2017/12/13,70,65,4,36,5,8
2017/12/14,126,74,1,47,6,11
2017/12/15,155,47,16,21,4,5
2017/12/16,92,41,19,19,4,4
2017/12/17,50,51,7,29,5,6
2017/12/18,91,48,14,23,5,5
2017/12/19,80,44,9,35,5,7
2017/12/20,90,54,9,38,7,7
2017/12/21,128,50,10,39,8,7
2017/12/22,127,79,23,36,11,9
2017/12/23,159,59,25,32,6,8
2017/12/24,140,25,26,18,8,5
2017/12/25,57,12,20,24,7,5
2017/12/26,37,13,21,21,9,5
2017/12/27,50,29,14,34,6,6
2017/12/28,117,81,13,43,12,10
2017/12/29,160,98,12,41,7,10
2017/12/30,180,58,23,22,8,6
2017/12/31,108,51,18,30,8,7
2017/7/1,91,25,20,10,7,2
2017/7/2,63,25,30,11,7,2
2017/7/3,48,31,37,17,8,3
2017/7/4,74,37,51,22,9,4
2017/7/5,91,42,66,22,10,4
2017/7/6,98,23,19,16,7,2
2017/7/7,50,,,,,
2017/8/27,45,36,17,29,10,4
2017/8/28,84,28,24,16,8,2
2017/8/29,29,26,12,15,,3
2017/8/30,20,,,,,
2017/9/23,67,50,41,18,10,5
2017/9/24,118,,,,,
2017/9/26,81,45,38,28,10,4
2017/9/27,92,27,32,18,10,3
2017/9/28,22,23,31,21,11,3
2017/9/29,25,32,48,20,13,5
2017/9/30,41,34,22,29,10,5
2017/4/1,68,27,40,23,6,4
2017/4/2,102,35,54,24,8,5
2017/4/3,124,60,62,42,12,7
2017/4/4,148,45,30,42,9,5
2017/4/5,139,24,33,20,6,4
2017/4/6,65,33,29,27,8,5
2017/4/7,108,39,30,27,10,5
2017/4/8,116,33,38,18,6,5
2017/4/9,51,26,39,22,6,4
2017/4/10,59,42,44,24,7,4
2017/4/11,85,48,39,14,5,3
2017/4/12,38,47,48,20,8,4
2017/4/13,76,43,48,18,8,4
2017/4/14,70,46,56,19,9,4
2017/4/15,63,43,46,25,10,5
2017/4/16,47,46,25,35,8,5
2017/4/17,52,34,34,22,6,4
2017/4/18,76,56,35,15,7,4
2017/4/19,51,56,36,28,8,4
2017/4/20,82,47,33,30,10,5
2017/4/21,78,47,41,26,8,5
2017/4/22,93,37,55,17,10,4
2017/4/23,74,34,59,20,7,4
2017/4/24,55,47,44,22,9,4
2017/4/25,89,51,36,19,6,4
2017/4/26,68,47,43,17,8,4
2017/4/27,50,55,45,17,10,5
2017/4/28,79,56,54,19,11,5
2017/4/29,88,70,82,14,11,5
2017/4/30,138,78,81,25,9,6
2017/5/1,149,88,53,36,12,6
2017/5/2,143,63,90,35,8,5
2017/5/3,104,62,44,33,8,4
2017/5/4,102,49,45,17,8,3
2017/5/5,70,138,41,12,6,3
2017/5/6,81,71,45,14,10,3
2017/5/7,59,116,61,19,10,4
2017/5/8,113,97,29,33,8,4
2017/5/9,120,54,37,20,5,3
2017/5/10,96,61,61,26,10,5
2017/5/11,116,64,47,25,10,5
2017/5/12,140,51,48,19,7,4
2017/5/13,93,55,42,11,7,3
2017/5/14,45,44,35,15,8,3
2017/5/15,33,38,37,20,9,4
2017/5/16,61,49,43,30,11,4
2017/5/17,93,52,72,27,9,4
2017/5/18,86,47,50,22,10,3
2017/5/19,76,48,49,29,11,4
2017/5/20,79,36,44,17,9,3
2017/5/21,54,42,41,22,9,3
2017/5/22,69,40,27,22,10,3
2017/5/23,64,36,35,19,7,3
2017/5/24,60,47,42,22,9,4
2017/5/25,60,35,37,16,6,3
2017/5/26,25,37,51,20,10,4
2017/5/27,49,44,79,17,8,3
2017/5/28,66,52,78,16,10,4
2017/5/29,102,46,50,23,11,3
2017/5/30,78,41,44,23,8,3
2017/5/31,79,38,36,15,5,2
2017/6/1,64,38,37,18,5,3
2017/6/2,42,34,40,13,7,3
2017/6/3,29,33,47,12,6,2
2017/6/4,27,37,56,26,7,4
2017/6/5,46,31,38,20,5,2
2017/6/6,45,25,31,17,5,3
2017/6/7,38,44,62,17,6,5
2017/6/8,99,49,64,14,7,5
2017/6/9,130,47,62,16,5,3
2017/6/10,81,37,44,20,5,3
2017/6/11,31,36,44,19,5,2
2017/6/12,32,37,35,15,5,2
2017/6/13,61,40,39,15,6,3
2017/6/14,67,42,47,14,7,3
2017/6/15,75,54,89,19,9,4
2017/6/16,112,26,79,16,10,3
2017/6/17,84,13,56,22,10,4
2017/6/18,60,14,30,28,9,4
2017/6/21,82,31,40,16,8,3
2017/6/22,62,40,49,26,8,4
2017/6/23,85,36,19,31,12,4
2017/6/24,74,31,59,19,8,3
2017/6/25,79,28,41,24,6,4
2017/6/26,66,29,38,23,8,4
2017/6/27,67,39,47,22,8,3
2017/6/28,94,41,53,20,11,4
2017/6/29,101,41,35,20,8,4
2017/6/30,105,35,49,18,8,4
2017/2/6,78,34,31,18,7,4
2017/2/7,84,34,20,27,7,5
2017/2/8,93,39,19,26,10,6
2017/2/9,60,36,26,16,7,4
2017/2/10,60,27,26,14,5,
2017/2/11,56,25,30,13,8,4
2017/2/12,60,26,33,19,8,6
2017/2/13,84,36,19,35,10,8
2017/2/14,99,40,30,28,10,5
2017/2/15,105,39,23,35,12,8
2017/2/16,99,43,29,35,11,10
2017/2/17,60,35,32,15,7,4
2017/2/18,61,23,28,15,7,4
2017/2/19,81,33,31,19,7,5
2017/2/20,78,37,33,15,6,4
2017/2/21,103,43,22,30,10,5
2017/2/22,119,43,15,32,6,7
2017/2/23,68,29,34,16,7,4
2017/2/24,63,26,31,21,10,5
2017/2/25,82,37,34,24,10,8
2017/2/26,96,39,37,20,8,6
2017/2/27,82,34,27,28,9,6
2017/2/28,84,33,31,32,11,7
2017/3/1,110,41,39,28,10,5
2017/3/2,71,30,37,17,7,4
2017/3/3,70,31,35,23,8,5
2017/3/4,96,38,27,32,10,7
2017/3/5,133,45,43,25,8,6
2017/3/6,80,34,33,16,7,4
2017/3/7,66,28,33,15,7,4
2017/3/8,65,34,34,16,9,6
2017/3/9,68,34,35,18,10,5
2017/3/10,76,36,37,24,10,6
2017/3/11,130,52,38,36,14,8
2017/3/12,143,54,51,29,13,8
2017/3/13,112,47,38,19,7,5
2017/3/14,88,42,36,18,7,4
2017/3/15,79,35,30,24,9,4
2017/3/16,126,51,37,32,12,7
2017/3/17,144,60,37,36,13,7
2017/3/18,132,54,57,33,15,7
2017/3/19,143,55,46,27,8,6
2017/3/20,164,69,11,42,12,9
2017/3/21,114,58,35,22,8,6
2017/3/22,88,43,36,25,9,5
2017/3/23,122,51,43,27,9,5
2017/3/24,120,48,27,29,9,5
2017/3/25,108,43,37,26,11,5
2017/3/26,108,39,44,17,10,5
2017/3/27,133,49,40,18,9,8
2017/3/28,125,51,35,24,10,7
2017/3/29,93,38,40,22,9,6
2017/3/30,116,47,39,23,8,5
2017/3/31,133,47,20,34,7,6
2015/1/5,4,66,,46,15,12
2015/1/7,137,40,,52,21,4
2015/1/8,128,40,8,55,38,7
2021/12/4,,36,9,34,5,6
2021/12/5,,62,6,61,5,8
2020/3/31,,73,32,26,5,4
2019/12/31,,32,4,33,5,5
2019/10/9,,54,11,40,7,4
2019/11/24,,50,16,13,4,4
2019/12/5,,42,12,29,6,5
2019/12/6,,50,5,47,6,7
2019/12/7,,55,14,34,5,7
2019/12/8,,60,5,51,6,8
2019/6/20,,37,33,16,5,5
2018/12/31,,41,21,24,6,4
2019/3/27,,58,32,24,7,5
2018/12/26,,41,15,21,6,3
2018/5/15,,19,7,21,2,3
2017/11/23,,29,10,18,9,2
2017/8/26,,31,21,25,8,4
2017/9/22,,52,44,16,11,4
2017/9/25,,51,48,37,10,5
2017/6/20,,45,39,20,10,3
2017/1/2,,62,28,29,11,8
2017/1/3,,52,27,31,10,8
2017/1/4,,49,18,38,9,9
2017/1/5,,42,10,32,7,7
2017/1/6,,25,18,29,7,5
2017/1/7,,49,8,38,8,9
2017/1/8,,32,19,24,7,6
2017/1/9,,43,28,19,10,7
2017/1/10,,27,26,19,8,5
2017/1/11,,24,24,22,8,4
2017/1/12,,30,22,24,7,5
2017/1/13,,29,23,18,8,4
2017/1/14,,34,23,13,6,3
2017/1/15,,24,25,15,8,4
2017/1/16,,40,10,36,10,7
2017/1/17,,55,6,48,14,11
2017/1/18,,62,7,41,12,10
2017/1/19,,61,12,35,10,9
2017/1/20,,43,22,26,9,6
2017/1/21,,37,13,32,8,7
2017/1/22,,45,28,13,8,4
2017/1/23,,37,25,20,8,5
2017/1/24,,38,21,29,9,6
2017/1/25,,41,17,36,10,7
2017/1/26,,46,20,39,11,9
2017/1/27,,49,31,12,7,4
2017/1/28,,26,17,22,7,5
2017/1/29,,23,14,20,5,5
2017/1/30,,33,31,12,7,5
2017/1/31,,26,22,24,7,5
2017/2/1,,35,24,28,8,6
2017/2/2,,28,26,22,9,5
2017/2/3,,48,30,35,11,8
2017/2/4,,65,6,45,9,13
2017/2/5,,42,27,23,7,7
2016/10/1,,50,18,24,5,5
2016/10/2,,37,33,14,4,3
2016/10/3,,25,30,29,5,5
2016/10/4,,36,31,19,5,4
2016/10/5,,31,35,20,5,4
2016/10/6,,36,29,23,4,4
2016/10/7,,34,36,14,5,4
2016/10/8,,25,32,9,4,3
2016/10/9,,24,25,23,6,4
2016/10/10,,34,38,24,8,6
2016/10/11,,41,35,19,6,4
2016/10/12,,48,29,22,6,5
2016/10/13,,42,23,28,7,7
2016/10/14,,56,33,22,6,7
2016/10/15,,57,29,18,6,6
2016/10/16,,42,26,15,6,6
2016/10/17,,26,20,19,7,5
2016/10/18,,48,36,21,9,7
2016/10/19,,56,28,18,6,7
2016/10/20,,56,23,10,4,3
2016/10/21,,29,24,3,4,4
2016/10/22,,33,21,,,3
2016/10/23,,22,19,30,5,4
2016/10/24,,26,18,20,5,4
2016/10/25,,26,11,26,6,6
2016/10/26,,46,10,26,5,5
2016/10/27,,45,22,21,5,5
2016/10/28,,39,23,15,5,3
2016/10/29,,36,22,20,6,4
2016/10/30,,31,11,24,7,5
2016/10/31,,34,21,17,5,4
2016/11/1,,31,10,23,6,4
2016/11/2,,35,22,24,7,5
2016/11/3,,42,37,22,8,5
2016/11/4,,45,48,19,8,6
2016/11/5,,49,23,18,5,4
2016/11/6,,33,20,17,6,4
2016/11/7,,32,24,13,4,5
2016/11/8,,50,21,18,5,4
2016/11/9,,37,5,29,7,6
2016/11/10,,45,24,20,7,6
2016/11/11,,39,33,23,7,6
2016/11/12,,52,19,25,6,6
2016/11/13,,46,2,24,5,8
2016/11/14,,47,3,10,6,4
2016/11/15,,51,2,23,6,5
2016/11/16,,48,3,24,8,8
2016/11/17,,62,4,34,8,10
2016/11/18,,66,14,23,7,6
2016/11/19,,43,25,15,4,5
2016/11/20,,37,11,23,6,6
2016/11/21,,52,21,17,5,3
2016/11/22,,36,18,16,6,3
2016/11/23,,33,21,18,7,4
2016/11/24,,31,12,27,9,7
2016/11/25,,45,4,29,8,8
2016/11/26,,46,7,22,7,7
2016/11/27,,49,21,20,7,6
2016/11/28,,50,15,24,8,6
2016/11/29,,42,5,30,9,8
2016/11/30,,46,24,20,10,5
2016/12/1,,44,17,30,9,6
2016/12/2,,39,13,41,9,9
2016/12/3,,46,5,43,10,10
2016/12/4,,58,21,31,9,8
2016/12/5,,54,21,22,7,4
2016/12/6,,27,9,34,10,6
2016/12/7,,38,15,31,8,6
2016/12/8,,38,20,22,7,6
2016/12/9,,32,18,23,7,5
2016/12/10,,33,15,29,7,5
2016/12/11,,33,4,41,9,8
2016/12/12,,55,15,28,8,7
2016/12/13,,50,16,20,8,5
2016/12/14,,42,21,18,6,4
2016/12/15,,32,22,23,8,5
2016/12/16,,31,15,36,10,8
2016/12/17,,46,17,27,7,5
2016/12/18,,32,6,35,6,7
2016/12/19,,39,12,29,7,7
2016/12/20,,47,6,33,6,7
2016/12/21,,45,17,17,7,5
2016/12/22,,29,21,15,7,6
2016/12/23,,40,21,22,7,7
2016/12/24,,52,7,25,6,7
2016/12/25,,49,8,27,7,7
2016/12/26,,47,18,17,7,6
2016/12/27,,37,13,27,8,6
2016/12/28,,39,18,23,7,5
2016/12/29,,30,10,35,10,8
2016/12/30,,40,9,43,10,12
2016/12/31,,46,18,33,10,8
2017/1/1,,51,,,,
2016/7/1,,32,38,10,3,1
2016/7/2,,25,58,9,5,3
2016/7/3,,47,17,26,4,3
2016/7/4,,43,17,9,4,1
2016/7/5,,25,29,12,6,3
2016/7/6,,29,33,25,7,4
2016/7/7,,41,45,27,5,4
2016/7/8,,55,43,16,3,3
2016/7/9,,46,49,17,7,3
2016/7/10,,39,52,25,9,4
2016/7/11,,49,39,19,11,3
2016/7/12,,41,14,14,5,2
2016/7/13,,35,44,14,4,2
2016/7/14,,39,36,19,4,3
2016/7/15,,34,19,16,,3
2016/7/16,,25,27,7,3,3
2016/7/17,,22,22,16,6,3
2016/7/18,,31,81,23,4,4
2016/7/19,,45,75,29,4,4
2016/7/20,,51,62,20,4,3
2016/7/21,,41,67,19,6,3
2016/7/22,,45,39,14,7,3
2016/7/23,,42,24,12,6,2
2016/7/24,,40,26,14,8,2
2016/7/25,,46,21,13,8,3
2016/7/26,,41,24,12,6,2
2016/7/27,,41,61,16,6,6
2016/7/28,,51,35,22,6,5
2016/7/29,,46,42,17,6,3
2016/7/30,,47,25,11,6,2
2016/7/31,,46,14,13,6,2
2016/8/1,,39,16,18,5,3
2016/8/2,,39,33,23,6,4
2016/8/3,,40,60,24,6,4
2016/8/4,,46,76,22,6,5
2016/8/5,,50,94,22,8,5
2016/8/6,,56,52,19,8,4
2016/8/7,,41,52,20,6,3
2016/8/8,,49,84,22,8,4
2016/8/9,,43,51,22,11,5
2016/8/10,,51,49,19,7,4
2016/8/11,,45,37,19,7,3
2016/8/12,,47,28,14,7,3
2016/8/13,,42,27,11,8,3
2016/8/14,,44,47,16,10,5
2016/8/15,,45,69,22,8,5
2016/8/16,,53,64,19,5,5
2016/8/17,,56,78,21,10,5
2016/8/18,,55,103,25,10,6
2016/8/19,,64,73,20,5,5
2016/8/20,,54,93,14,5,4
2016/8/21,,42,51,17,5,4
2016/8/22,,46,71,20,6,4
2016/8/23,,45,39,21,8,4
2016/8/24,,45,42,19,6,4
2016/8/25,,41,30,18,,4
2016/8/26,,35,38,17,5,3
2016/8/27,,33,30,11,,
2016/8/28,,28,28,15,5,4
2016/8/29,,34,27,13,8,3
2016/8/30,,33,29,10,6,4
2016/8/31,,25,88,15,6,5
2016/9/1,,48,58,17,6,4
2016/9/2,,40,45,18,7,5
2016/9/3,,27,41,15,4,4
2016/9/4,,31,39,14,6,5
2016/9/5,,34,53,13,10,5
2016/9/6,,47,50,15,9,6
2016/9/7,,54,33,18,9,6
2016/9/8,,45,43,15,6,6
2016/9/9,,44,62,15,5,6
2016/9/10,,40,62,11,7,5
2016/9/11,,39,28,14,5,4
2016/9/12,,38,38,15,5,4
2016/9/13,,28,63,21,6,4
2016/9/14,,34,52,20,8,4
2016/9/15,,37,61,20,13,5
2016/9/16,,42,41,17,9,4
2016/9/17,,32,37,17,4,3
2016/9/18,,29,26,17,4,3
2016/9/19,,26,31,16,5,3
2016/9/20,,28,34,19,5,4
2016/9/21,,39,33,22,5,4
2016/9/22,,40,64,26,8,5
2016/9/23,,49,79,28,8,5
2016/9/24,,51,52,24,8,4
2016/9/25,,44,32,27,6,5
2016/9/26,,44,11,29,5,5
2016/9/27,,44,13,20,4,4
2016/9/28,,35,20,18,4,4
2016/9/29,,26,19,24,7,4
2016/9/30,,30,26,33,7,6
2016/4/1,,70,66,39,15,6
2016/4/2,,72,31,22,5,4
2016/4/3,,52,29,24,6,4
2016/4/4,,49,37,23,9,4
2016/4/5,,55,39,36,10,6
2016/4/6,,70,41,23,6,4
2016/4/7,,56,38,20,6,4
2016/4/8,,55,31,22,6,6
2016/4/9,,73,58,19,9,7
2016/4/10,,78,27,28,6,5
2016/4/11,,57,36,28,7,5
2016/4/12,,60,36,32,6,5
2016/4/13,,58,28,23,7,5
2016/4/14,,48,15,34,7,7
2016/4/15,,60,34,34,5,6
2016/4/16,,57,40,8,5,4
2016/4/17,,43,32,19,6,4
2016/4/18,,52,34,21,6,4
2016/4/19,,49,37,30,7,5
2016/4/20,,57,35,23,3,4
2016/4/21,,38,39,20,5,5
2016/4/22,,56,31,27,7,5
2016/4/23,,112,40,27,5,4
2016/4/24,,104,22,51,9,6
2016/4/25,,77,37,38,6,5
2016/4/26,,73,26,32,3,3
2016/4/27,,56,37,26,5,4
2016/4/28,,56,41,26,8,4
2016/4/29,,62,78,17,8,5
2016/4/30,,58,62,14,6,4
2016/5/1,,47,47,16,5,4
2016/5/2,,49,35,9,3,3
2016/5/3,,30,39,12,6,4
2016/5/4,,49,39,24,7,4
2016/5/5,,50,34,20,4,4
2016/5/6,,46,34,19,8,4
2016/5/7,,79,56,20,6,4
2016/5/8,,52,46,30,7,4
2016/5/9,,62,38,24,3,3
2016/5/10,,48,37,21,5,3
2016/5/11,,39,46,20,6,4
2016/5/12,,37,50,20,4,4
2016/5/13,,47,59,24,6,4
2016/5/14,,45,49,13,6,4
2016/5/15,,40,46,17,7,4
2016/5/16,,43,53,29,11,6
2016/5/17,,63,44,44,10,6
2016/5/18,,70,47,36,6,4
2016/5/19,,57,68,41,8,5
2016/5/20,,62,54,44,8,5
2016/5/21,,55,91,35,10,5
2016/5/22,,59,60,36,8,5
2016/5/23,,64,45,15,4,3
2016/5/24,,39,69,16,6,4
2016/5/25,,63,47,26,10,5
2016/5/26,,69,47,28,8,5
2016/5/27,,69,54,27,9,5
2016/5/28,,62,72,25,9,5
2016/5/29,,64,19,35,8,6
2016/5/30,,71,19,20,13,4
2016/5/31,,50,58,20,5,4
2016/6/1,,50,66,19,9,4
2016/6/2,,47,52,18,9,3
2016/6/3,,46,46,19,6,3
2016/6/4,,51,81,15,5,4
2016/6/5,,51,57,14,6,3
2016/6/6,,37,46,17,8,4
2016/6/7,,48,31,15,8,3
2016/6/8,,41,39,21,7,4
2016/6/9,,55,44,22,10,5
2016/6/10,,51,35,12,6,3
2016/6/11,,45,29,8,4,3
2016/6/12,,36,44,18,7,5
2016/6/13,,58,28,18,7,4
2016/6/14,,47,33,12,4,3
2016/6/15,,40,48,9,4,4
2016/6/16,,33,68,11,6,5
2016/6/17,,50,66,14,9,5
2016/6/18,,61,43,12,4,3
2016/6/19,,44,66,21,6,4
2016/6/20,,53,80,22,6,5
2016/6/21,,56,28,26,6,5
2016/6/22,,66,63,20,5,4
2016/6/23,,47,38,20,4,4
2016/6/24,,58,47,10,5,3
2016/6/25,,37,48,8,5,3
2016/6/26,,37,42,17,8,4
2016/6/27,,39,54,18,6,4
2016/6/28,,57,66,15,6,4
2016/6/29,,45,34,8,5,2
2016/6/30,,35,25,12,3,2
2016/1/4,,48,21,18,10,5
2016/1/5,,55,9,25,10,6
2016/1/6,,67,18,18,10,5
2016/1/7,,54,18,19,9,5
2016/1/8,,52,19,20,9,5
2016/1/9,,50,26,17,11,5
2016/1/10,,53,21,19,9,5
2016/1/11,,59,19,19,7,5
2016/1/12,,56,18,18,10,5
2016/1/13,,51,18,22,11,5
2016/1/14,,57,10,31,14,8
2016/1/15,,79,4,31,12,10
2016/1/16,,81,6,26,11,9
2016/1/17,,86,21,16,9,6
2016/1/18,,58,22,12,6,4
2016/1/19,,43,19,17,7,5
2016/1/20,,50,18,20,8,6
2016/1/21,,59,20,18,7,5
2016/1/22,,57,23,10,6,3
2016/1/23,,43,25,8,4,4
2016/1/24,,48,20,18,7,5
2016/1/25,,55,10,26,10,7
2016/1/26,,74,21,27,11,8
2016/1/27,,68,7,31,7,10
2016/1/28,,79,9,29,9,6
2016/1/29,,74,17,23,10,6
2016/1/30,,53,27,13,10,4
2016/1/31,,48,26,17,9,5
2016/2/1,,53,24,20,8,6
2016/2/2,,58,21,28,12,9
2016/2/3,,69,26,25,14,8
2016/2/4,,64,21,25,12,7
2016/2/5,,63,29,17,12,5
2016/2/6,,59,26,19,10,5
2016/2/7,,49,40,18,12,6
2016/2/8,,69,32,12,15,5
2016/2/9,,55,16,29,15,7
2016/2/10,,64,8,33,15,8
2016/2/11,,75,16,22,12,7
2016/2/12,,62,9,20,14,7
2016/2/13,,41,23,8,8,5
2016/2/14,,43,26,13,5,4
2016/2/15,,46,23,17,7,5
2016/2/16,,44,24,21,12,7
2016/2/17,,49,34,20,11,5
2016/2/18,,51,12,29,14,9
2016/2/19,,82,29,20,10,4
2016/2/20,,55,33,13,11,4
2016/2/21,,41,14,29,9,5
2016/2/22,,52,25,20,12,5
2016/2/23,,60,27,16,6,4
2016/2/24,,48,32,20,10,6
2016/2/25,,57,31,25,14,6
2016/2/26,,62,28,25,15,6
2016/2/27,,68,26,26,9,6
2016/2/28,,59,28,17,9,5
2016/2/29,,59,33,15,9,4
2016/3/1,,42,33,20,13,5
2016/3/2,,47,32,26,17,6
2016/3/3,,61,23,34,15,6
2016/3/4,,71,20,18,6,4
2016/3/5,,37,30,13,8,4
2016/3/6,,86,6,34,7,6
2016/3/7,,98,29,18,4,4
2016/3/8,,67,26,14,,4
2016/3/9,,53,27,16,3,3
2016/3/10,,52,30,17,6,4
2016/3/11,,51,34,18,6,5
2016/3/12,,50,35,22,6,5
2016/3/13,,64,33,23,6,5
2016/3/14,,70,24,34,9,6
2016/3/15,,64,32,30,12,6
2016/3/16,,64,12,49,11,8
2016/3/17,,84,28,39,10,7
2016/3/18,,83,37,22,9,5
2016/3/19,,67,39,26,12,7
2016/3/20,,72,31,35,11,7
2016/3/21,,73,41,25,8,5
2016/3/22,,64,33,19,5,4
2016/3/23,,70,32,19,6,4
2016/3/24,,55,35,25,9,5
2016/3/25,,67,37,23,7,5
2016/3/26,,62,49,21,10,7
2016/3/27,,63,51,26,11,5
2016/3/28,,63,68,18,9,5
2016/3/29,,79,42,25,12,6
2016/3/30,,77,30,43,13,7
2016/3/31,,69,38,47,12,7
2015/11/10,,37,5,30,3,4
2015/11/11,,43,4,29,5,6
2015/11/12,,23,19,24,9,5
2015/11/13,,20,8,26,9,4
2015/11/14,,15,11,20,9,3
2015/11/15,,18,18,18,12,4
2015/11/16,,27,3,26,10,6
2015/11/17,,21,15,19,7,4
2015/11/18,,20,12,22,4,4
2015/11/19,,21,12,21,4,4
2015/11/20,,31,12,21,6,5
2015/11/21,,40,9,28,6,6
2015/11/22,,26,12,19,4,5
2015/11/23,,18,14,17,4,3
2015/11/24,,27,16,18,4,4
2015/11/25,,18,13,17,3,4
2015/11/26,,25,22,14,2,4
2015/11/27,,26,23,22,8,4
2015/11/28,,35,8,30,7,6
2015/11/29,,30,4,25,8,7
2015/11/30,,38,16,21,17,6
2015/12/1,,50,4,48,16,9
2015/12/2,,35,21,26,12,7
2015/12/3,,17,17,13,6,4
2015/12/4,,27,15,17,7,4
2015/12/5,,27,18,21,12,6
2015/12/6,,24,17,19,9,4
2015/12/7,,39,7,29,10,6
2015/12/8,,46,7,35,12,7
2015/12/9,,62,4,43,13,11
2015/12/10,,53,4,33,13,10
2015/12/11,,32,14,22,13,5
2015/12/14,,40,3,26,10,8
2015/12/15,,33,15,19,13,5
2015/12/16,,25,18,14,11,4
2015/12/17,,21,15,13,5,3
2015/12/18,,32,3,28,7,7
2015/12/19,,49,5,26,10,8
2015/12/20,,47,10,27,9,8
2015/12/21,,44,5,28,11,8
2015/12/22,,52,4,29,11,8
2015/12/23,,46,8,29,15,6
2015/12/24,,56,16,26,16,7
2015/12/25,,21,21,18,12,4
2015/12/26,,42,20,20,12,7
2015/12/27,,20,21,9,5,3
2015/12/28,,24,15,19,5,4
2015/12/29,,44,5,31,11,10
2015/12/30,,42,7,30,10,9
2015/7/1,,36,60,19,8,5
2015/7/2,,45,35,25,9,4
2015/7/3,,53,73,26,9,4
2015/7/6,,31,56,38,7,4
2015/7/7,,39,31,27,5,2
2015/7/8,,24,32,23,5,2
2015/7/9,,22,48,21,8,4
2015/7/10,,26,54,23,9,3
2015/7/14,,62,51,35,11,5
2015/7/15,,64,18,26,7,
2015/7/16,,36,24,27,7,2
2015/7/17,,32,32,25,11,3
2015/7/18,,37,36,22,8,3
2015/7/19,,39,10,30,7,4
2015/7/20,,43,18,26,8,3
2015/7/21,,37,24,30,11,4
2015/7/22,,36,30,26,10,4
2015/7/23,,38,13,15,6,3
2015/7/24,,29,17,10,6,2
2015/7/25,,31,16,8,8,2
2015/7/26,,27,7,11,9,2
2015/7/27,,35,34,12,9,2
2015/7/28,,37,36,14,9,3
2015/7/29,,40,59,11,10,3
2015/7/30,,59,49,12,11,3
2015/7/31,,52,47,5,10,2
2015/8/1,,48,35,2,10,2
2015/8/2,,37,26,4,9,2
2015/8/3,,34,21,9,8,
2015/8/4,,33,36,10,8,3
2015/8/5,,39,21,12,7,2
2015/8/6,,37,41,15,6,3
2015/8/7,,46,36,14,8,3
2015/8/8,,41,22,10,9,2
2015/8/9,,30,25,11,9,3
2015/8/10,,38,46,12,12,6
2015/8/11,,59,47,23,10,5
2015/8/12,,59,32,26,9,4
2015/8/13,,53,50,28,10,4
2015/8/14,,44,68,27,12,6
2015/8/15,,66,56,23,8,4
2015/8/16,,66,37,29,8,3
2015/8/17,,41,38,33,8,4
2015/8/18,,32,32,46,8,4
2015/8/19,,50,40,40,11,4
2015/8/20,,48,29,25,9,3
2015/8/21,,32,44,22,9,4
2015/8/22,,43,60,22,10,5
2015/8/23,,43,26,29,7,3
2015/8/24,,44,17,17,6,2
2015/8/25,,24,20,19,8,2
2015/8/26,,17,37,23,9,3
2015/8/27,,21,35,33,10,4
2015/8/28,,24,42,33,10,4
2015/8/29,,27,53,23,11,3
2015/8/30,,28,38,32,8,4
2015/8/31,,32,31,29,8,3
2015/9/1,,26,33,22,9,3
2015/9/2,,24,36,24,10,4
2015/9/3,,24,39,29,10,4
2015/9/4,,27,24,30,10,4
2015/9/5,,29,24,18,7,3
2015/9/6,,17,16,24,8,3
2015/9/7,,19,21,34,6,
2015/9/8,,21,30,25,7,2
2015/9/9,,24,27,24,7,4
2015/9/10,,25,25,25,7,4
2015/9/11,,27,28,22,8,3
2015/9/12,,18,32,17,7,3
2015/9/13,,16,37,30,9,3
2015/9/14,,21,30,35,9,4
2015/9/15,,21,26,33,7,4
2015/4/1,,44,32,34,10,5
2015/4/2,,31,21,22,7,4
2015/4/3,,36,25,19,3,6
2015/4/4,,28,24,25,3,4
2015/4/5,,25,26,21,2,4
2015/4/6,,53,24,21,2,3
2015/4/7,,44,30,22,4,4
2015/4/8,,35,34,34,8,5
2015/4/9,,47,45,33,9,6
2015/4/10,,53,42,39,12,7
2015/4/11,,62,47,34,8,6
2015/4/12,,53,40,24,5,3
2015/4/13,,34,34,29,3,4
2015/4/14,,33,48,22,8,5
2015/4/15,,41,45,22,8,5
2015/4/16,,60,40,21,9,4
2015/4/17,,53,30,46,12,6
2015/4/18,,54,24,33,8,5
2015/4/19,,60,40,24,6,4
2015/4/20,,49,43,32,11,5
2015/4/21,,44,48,30,12,6
2015/4/22,,59,56,33,11,6
2015/4/23,,56,61,30,11,5
2015/4/24,,62,39,34,13,5
2015/4/25,,52,73,27,14,5
2015/4/26,,46,75,30,15,5
2015/4/27,,54,30,49,12,5
2015/4/28,,54,24,37,10,5
2015/4/29,,48,38,34,13,4
2015/4/30,,38,50,36,16,5
2015/5/1,,44,40,32,15,4
2015/5/2,,42,29,21,10,3
2015/5/3,,33,33,20,11,3
2015/5/4,,43,44,16,10,3
2015/5/5,,29,40,26,13,4
2015/5/6,,34,41,35,12,4
2015/5/7,,43,43,30,13,4
2015/5/8,,48,42,25,15,4
2015/5/9,,24,42,23,14,4
2015/5/10,,5,36,32,12,4
2015/5/11,,20,46,10,9,4
2015/5/12,,39,58,16,12,4
2015/5/13,,54,58,14,12,4
2015/5/14,,49,48,29,12,5
2015/5/15,,70,53,26,10,4
2015/5/16,,49,65,23,13,5
2015/5/17,,52,45,36,10,5
2015/5/18,,51,46,17,7,4
2015/5/19,,40,37,19,8,4
2015/5/20,,45,56,23,10,4
2015/5/21,,42,48,28,17,4
2015/5/22,,49,58,36,13,5
2015/5/23,,45,52,25,12,4
2015/5/24,,39,41,24,15,3
2015/5/25,,45,35,31,16,3
2015/5/26,,44,37,45,10,4
2015/5/27,,42,57,48,10,4
2015/5/28,,47,35,38,12,4
2015/5/29,,43,31,26,11,3
2015/5/30,,38,55,16,10,4
2015/5/31,,46,44,19,16,4
2015/6/1,,43,44,23,10,4
2015/6/2,,35,32,10,6,2
2015/6/3,,45,54,17,11,5
2015/6/4,,47,37,15,11,4
2015/6/5,,42,62,3,9,3
2015/6/6,,33,64,79,8,3
2015/6/7,,32,45,24,10,3
2015/6/8,,33,39,21,8,3
2015/6/9,,41,63,34,9,4
2015/6/10,,46,45,27,7,3
2015/6/11,,45,59,15,10,4
2015/6/12,,40,66,15,9,4
2015/6/13,,58,60,13,8,4
2015/6/14,,25,50,21,7,4
2015/6/15,,37,41,27,11,5
2015/6/16,,48,42,29,10,5
2015/6/17,,51,47,26,8,4
2015/6/18,,39,42,23,7,3
2015/6/19,,40,31,24,10,4
2015/6/20,,44,43,21,10,4
2015/6/21,,29,38,25,13,4
2015/6/22,,31,48,23,12,4
2015/6/23,,34,53,26,12,5
2015/6/24,,39,42,25,11,4
2015/6/25,,41,36,22,7,3
2015/6/26,,27,47,21,9,2
2015/6/27,,23,44,21,12,3
2015/6/28,,26,50,25,11,3
2015/6/29,,27,51,27,10,3
2015/6/30,,36,55,19,10,4
2015/1/3,,32,,35,12,6
2015/1/4,,42,,46,14,10
2015/1/6,,41,,22,9,5
2015/1/9,,50,14,53,14,11
2015/1/10,,44,18,38,14,9
2015/1/11,,42,11,22,14,6
2015/1/12,,47,7,32,13,6
2015/1/13,,62,22,44,11,10
2015/1/14,,65,11,42,11,9
2015/1/15,,60,14,42,15,9
2015/1/16,,63,18,31,13,10
2015/1/17,,36,16,22,12,5
2015/1/18,,36,14,29,10,6
2015/1/19,,55,7,25,16,8
2015/1/20,,50,5,35,10,7
2015/1/21,,57,12,38,10,8
2015/1/22,,51,15,34,11,7
2015/1/23,,50,16,29,12,8
2015/1/24,,48,5,39,17,7
2015/1/25,,58,16,40,10,10
2015/1/26,,46,17,29,11,7
2015/1/27,,47,12,21,11,6
2015/1/28,,42,9,27,10,6
2015/1/29,,54,17,33,9,7
2015/1/30,,40,18,21,12,5
2015/1/31,,38,20,24,12,5
2015/2/1,,30,16,24,11,5
2015/2/2,,44,9,35,10,7
2015/2/3,,60,17,48,16,11
2015/2/4,,73,22,44,18,14
2015/2/5,,68,16,32,19,9
2015/2/6,,52,20,36,16,8
2015/2/7,,48,20,33,16,9
2015/2/8,,61,16,12,9,4
2015/2/9,,35,16,20,12,5
2015/2/10,,73,16,35,23,10
2015/2/11,,73,21,43,19,11
2015/2/12,,38,23,22,13,5
2015/2/13,,34,19,25,15,6
2015/2/14,,48,20,36,14,6
2015/2/15,,63,22,42,17,8
2015/2/16,,44,20,36,8,7
2015/2/17,,54,24,22,12,8
2015/2/18,,52,25,18,12,7
2015/2/19,,46,32,23,12,6
2015/2/20,,50,17,33,11,8
2015/2/21,,33,24,38,10,7
2015/2/22,,174,18,18,11,6
2015/2/23,,355,18,20,9,6
2015/2/24,,70,24,29,13,7
2015/2/25,,58,22,34,13,7
2015/2/26,,34,21,18,12,5
2015/2/27,,39,19,21,9,4
2015/2/28,,48,30,38,10,5
2015/3/1,,55,30,18,12,5
2015/3/2,,73,27,29,12,6
2015/3/3,,48,27,27,10,5
2015/3/4,,41,21,16,9,4
2015/3/5,,62,22,29,7,4
2015/3/6,,48,29,41,12,7
2015/3/7,,52,32,43,13,7
2015/3/8,,65,28,42,16,7
2015/3/9,,56,26,27,14,5
2015/3/10,,34,30,15,9,4
2015/3/11,,39,32,24,14,5
2015/3/12,,30,33,22,10,4
2015/3/13,,45,30,29,11,4
2015/3/14,,41,34,28,10,4
2015/3/15,,46,33,34,14,6
2015/3/16,,74,19,43,14,8
2015/3/17,,88,19,47,18,10
2015/3/18,,73,31,37,10,6
2015/3/19,,54,33,34,14,5
2015/3/20,,73,54,37,15,6
2015/3/21,,96,36,37,24,8
2015/3/22,,87,39,27,15,8
2015/3/23,,47,31,17,11,3
2015/3/24,,41,29,24,9,4
2015/3/25,,39,33,29,12,4
2015/3/26,,44,29,31,14,5
2015/3/27,,49,43,38,16,5
2015/3/28,,46,35,36,14,5
2015/3/29,,58,44,28,13,4
2015/3/30,,87,26,38,14,6
2015/3/31,,82,25,53,12,8
2014/10/1,,25,20,26,8,5
2014/10/2,,30,27,19,10,6
2014/10/3,,25,17,23,7,4
2014/10/4,,28,24,17,6,2
2014/10/5,,22,22,25,7,3
2014/10/6,,26,24,33,9,4
2014/10/7,,34,16,45,10,5
2014/10/8,,41,31,45,10,5
2014/10/9,,45,18,41,8,5
2014/10/10,,43,20,32,7,4
2014/10/11,,33,19,33,8,4
2014/10/12,,36,17,23,7,3
2014/10/13,,33,17,24,7,3
2014/10/14,,27,29,32,9,5
2014/10/15,,36,24,26,9,3
2014/10/16,,31,8,39,6,5
2014/10/17,,31,17,39,10,5
2014/10/18,,34,31,32,8,5
2014/10/19,,46,10,39,6,6
2014/10/20,,37,8,30,6,4
2014/10/21,,27,15,26,6,4
2014/10/22,,26,22,30,8,5
2014/10/23,,28,24,36,8,6
2014/10/24,,34,27,31,9,5
2014/10/25,,36,28,19,8,3
2014/10/26,,31,20,24,7,3
2014/10/27,,42,9,43,9,6
2014/10/28,,53,8,59,9,8
2014/10/29,,59,4,57,10,8
2014/10/30,,52,8,45,2,2
2014/10/31,,28,27,33,5,2
2014/11/1,,42,32,16,6,5
2014/11/2,,48,19,24,6,1
2014/11/3,,35,15,40,6,4
2014/11/4,,35,22,40,5,4
2014/11/5,,35,20,41,8,3
2014/11/6,,51,9,38,6,4
2014/11/7,,41,4,41,5,7
2014/11/8,,56,24,34,6,7
2014/11/9,,53,14,59,7,11
2014/11/10,,59,16,52,7,10
2014/11/11,,61,22,19,6,5
2014/11/12,,42,17,22,4,5
2014/11/13,,52,14,35,12,6
2014/11/14,,34,14,34,11,6
2014/11/15,,41,11,41,12,8
2014/11/16,,45,15,34,10,7
2014/11/17,,39,15,38,9,7
2014/11/18,,41,4,55,11,11
2014/11/19,,57,13,55,12,12
2014/11/20,,59,18,44,13,7
2014/11/21,,50,14,40,10,8
2014/11/22,,45,5,31,8,8
2014/11/23,,59,3,32,9,8
2014/11/24,,62,10,31,10,7
2014/11/25,,44,14,32,10,7
2014/11/26,,40,9,37,11,10
2014/11/27,,55,8,31,8,7
2014/11/28,,36,7,25,8,6
2014/11/29,,32,11,18,8,6
2014/11/30,,23,18,11,10,4
2014/12/1,,40,17,12,9,5
2014/12/2,,66,10,16,8,5
2014/12/3,,44,15,12,10,5
2014/12/4,,43,15,13,11,7
2014/12/5,,36,14,12,10,5
2014/12/6,,34,9,16,11,7
2014/12/7,,42,14,18,10,7
2014/12/8,,43,10,20,12,8
2014/12/9,,43,3,25,13,13
2014/12/10,,61,14,13,13,7
2014/12/11,,48,16,14,11,7
2014/12/12,,43,,,,
2014/12/15,,36,15,8,13,6
2014/12/16,,36,17,6,8,4
2014/12/17,,30,16,7,8,6
2014/12/18,,36,3,10,11,11
2014/12/19,,48,16,5,13,6
2014/12/20,,31,13,4,8,5
2014/12/21,,26,9,23,11,8
2014/12/22,,36,5,46,14,11
2014/12/23,,47,13,37,18,9
2014/12/24,,47,17,21,12,5
2014/12/25,,38,14,33,10,6
2014/12/26,,40,5,44,10,9
2014/12/27,,53,6,49,12,12
2014/12/28,,52,,,,
2014/7/1,,37,58,26,11,5
2014/7/2,,55,22,26,7,4
2014/7/3,,32,37,26,10,3
2014/7/4,,22,28,29,14,3
2014/7/5,,27,37,19,7,3
2014/7/6,,25,53,29,9,3
2014/7/7,,34,33,25,10,4
2014/7/8,,28,11,28,9,4
2014/7/9,,30,27,22,9,3
2014/7/10,,34,54,21,14,6
2014/7/11,,54,50,19,12,5
2014/7/12,,58,38,14,11,4
2014/7/13,,49,44,19,11,5
2014/7/14,,59,60,21,10,5
2014/7/15,,67,43,22,10,4
2014/7/16,,43,27,19,9,3
2014/7/17,,28,36,21,8,3
2014/7/18,,23,25,25,9,2
2014/7/19,,42,36,18,10,3
2014/7/20,,47,25,19,10,3
2014/7/21,,44,10,20,9,2
2014/7/22,,28,16,28,2,3
2014/7/23,,28,15,32,3,4
2014/7/24,,26,14,22,4,4
2014/7/25,,29,48,9,7,4
2014/7/26,,37,66,17,9,5
2014/7/27,,63,54,40,8,6
2014/7/28,,66,47,25,9,4
2014/7/29,,44,24,21,8,3
2014/7/30,,31,15,26,9,3
2014/7/31,,32,19,30,,3
2014/8/1,,25,19,16,,2
2014/8/2,,20,18,14,,3
2014/8/3,,19,14,21,9,3
2014/8/4,,21,39,17,11,4
2014/8/5,,44,35,31,7,5
2014/8/6,,39,19,32,11,4
2014/8/7,,40,22,30,7,4
2014/8/8,,34,30,22,,3
2014/8/9,,28,22,15,6,3
2014/8/10,,23,27,18,7,3
2014/8/11,,27,43,19,10,5
2014/8/12,,49,21,28,10,6
2014/8/13,,60,17,35,6,4
2014/8/14,,35,37,27,6,4
2014/8/15,,35,32,27,8,4
2014/8/16,,38,7,29,10,4
2014/8/17,,39,8,31,6,3
2014/8/18,,28,10,22,6,3
2014/8/19,,24,18,34,9,4
2014/8/20,,40,12,29,8,4
2014/8/21,,36,42,19,10,6
2014/8/22,,55,29,21,10,5
2014/8/23,,52,33,24,9,5
2014/8/24,,47,18,34,7,5
2014/8/25,,49,28,29,7,3
2014/8/26,,33,18,26,6,3
2014/8/27,,25,27,27,7,3
2014/8/28,,26,30,34,7,4
2014/8/29,,35,35,28,7,4
2014/8/30,,27,34,28,13,5
2014/9/1,,46,17,36,5,4
2014/9/2,,37,22,24,4,3
2014/9/3,,24,28,19,7,3
2014/9/4,,21,31,26,8,4
2014/9/5,,26,23,28,8,4
2014/9/6,,30,41,27,8,5
2014/9/7,,40,42,18,8,5
2014/9/8,,45,43,16,9,5
2014/9/9,,42,34,26,6,4
2014/9/10,,27,28,36,8,4
2014/9/11,,37,26,42,9,5
2014/9/12,,42,31,31,6,4
2014/9/13,,29,29,21,7,3
2014/9/14,,21,31,27,7,4
2014/9/15,,36,26,30,9,4
2014/9/16,,37,17,30,7,4
2014/9/17,,47,13,34,7,4
2014/9/18,,31,25,44,8,5
2014/9/19,,35,39,40,8,4
2014/9/20,,36,24,35,8,4
2014/9/21,,30,26,41,7,5
2014/9/22,,36,19,41,6,4
2014/9/23,,28,16,31,6,4
2014/9/24,,27,28,36,9,4
2014/9/25,,32,16,34,6,5
2014/9/26,,33,30,24,8,4
2014/9/27,,29,20,22,8,4
2014/9/28,,31,9,35,8,5
2014/9/29,,38,12,29,6,4
2014/9/30,,30,26,24,8,3
2014/4/1,,65,22,57,18,5
2014/4/2,,59,18,43,12,5
2014/4/3,,58,22,24,7,4
2014/4/4,,29,24,25,8,4
2014/4/5,,42,26,15,7,4
2014/4/6,,37,22,28,10,5
2014/4/7,,53,19,46,14,4
2014/4/8,,49,18,47,11,6
2014/4/9,,54,15,54,10,5
2014/4/10,,59,20,44,10,6
2014/4/11,,59,8,53,11,6
2014/4/12,,66,26,45,11,6
2014/4/13,,62,19,49,15,6
2014/4/14,,62,16,36,6,5
2014/4/15,,54,16,41,9,7
2014/4/16,,91,10,63,8,7
2014/4/17,,73,19,46,8,5
2014/4/18,,61,19,44,7,5
2014/4/19,,54,31,21,7,4
2014/4/20,,41,28,36,9,5
2014/4/21,,56,28,43,10,6
2014/4/22,,59,31,47,12,7
2014/4/23,,75,25,58,11,8
2014/4/24,,84,21,70,10,7
2014/4/25,,68,19,59,10,6
2014/4/26,,59,20,33,7,4
2014/4/27,,35,9,39,6,3
2014/4/28,,31,18,32,6,3
2014/4/29,,29,22,31,7,3
2014/4/30,,38,19,29,7,4
2014/5/1,,49,26,30,8,5
2014/5/2,,66,18,22,7,3
2014/5/3,,33,23,25,9,3
2014/5/4,,40,25,13,7,2
2014/5/5,,35,22,22,8,3
2014/5/6,,39,32,22,8,4
2014/5/7,,45,16,23,6,4
2014/5/8,,37,27,37,8,4
2014/5/9,,48,19,51,8,5
2014/5/10,,47,27,17,6,3
2014/5/11,,34,51,19,6,4
2014/5/12,,42,73,26,7,6
2014/5/13,,70,68,28,11,4
2014/5/14,,64,42,26,12,4
2014/5/15,,51,38,38,16,5
2014/5/16,,55,36,44,17,5
2014/5/17,,56,62,37,17,5
2014/5/18,,59,43,42,13,5
2014/5/19,,54,35,41,9,5
2014/5/20,,65,35,26,10,3
2014/5/21,,51,37,37,11,4
2014/5/22,,49,41,37,13,6
2014/5/23,,64,37,31,12,5
2014/5/24,,54,37,20,11,3
2014/5/25,,45,42,23,9,5
2014/5/26,,68,76,20,13,5
2014/5/27,,102,76,35,14,6
2014/5/28,,105,57,28,13,5
2014/5/29,,87,53,43,12,4
2014/5/30,,62,81,39,12,5
2014/5/31,,78,46,28,13,4
2014/6/1,,65,11,38,8,5
2014/6/2,,68,21,28,5,3
2014/6/3,,38,27,26,3,2
2014/6/4,,35,25,32,5,2
2014/6/5,,34,42,23,9,3
2014/6/6,,26,36,25,11,3
2014/6/7,,27,39,18,9,2
2014/6/8,,27,33,24,10,4
2014/6/9,,35,36,30,7,4
2014/6/10,,34,29,22,6,3
2014/6/11,,25,29,22,6,4
2014/6/12,,28,41,19,9,4
2014/6/13,,39,46,20,10,3
2014/6/14,,31,49,18,10,3
2014/6/15,,35,33,23,11,4
2014/6/16,,31,68,26,13,6
2014/6/17,,61,70,24,9,5
2014/6/18,,50,38,17,9,4
2014/6/19,,35,32,23,7,4
2014/6/20,,44,31,22,6,3
2014/6/21,,28,40,16,9,4
2014/6/22,,23,30,19,9,4
2014/6/23,,32,34,21,10,4
2014/6/24,,34,40,30,10,5
2014/6/25,,40,38,28,9,4
2014/6/26,,36,25,22,9,4
2014/6/27,,27,45,16,10,3
2014/6/28,,30,48,19,12,4
2014/6/29,,30,33,26,11,5
2014/6/30,,22,58,31,14,5
2014/1/1,,83,15,31,17,7
2014/1/2,,68,6,42,11,11
2014/1/3,,59,14,23,6,5
2014/1/4,,45,16,23,6,6
2014/1/5,,42,5,40,12,10
2014/1/6,,68,5,50,20,12
2014/1/7,,78,17,30,14,8
2014/1/8,,67,13,24,4,3
2014/1/9,,37,15,35,14,6
2014/1/10,,40,12,44,16,8
2014/1/11,,54,24,34,18,9
2014/1/12,,57,19,25,8,4
2014/1/13,,39,12,35,13,6
2014/1/14,,49,9,43,15,9
2014/1/15,,60,5,54,23,12
2014/1/16,,85,7,53,16,13
2014/1/17,,92,14,29,13,7
2014/1/18,,56,14,28,15,7
2014/1/19,,47,8,34,14,8
2014/1/20,,57,16,26,19,8
2014/1/21,,77,17,41,17,11
2014/1/22,,82,9,48,16,10
2014/1/23,,52,4,55,14,9
2014/1/24,,57,7,43,13,9
2014/1/25,,57,17,21,7,5
2014/1/26,,38,5,42,13,8
2014/1/27,,46,11,31,9,5
2014/1/28,,39,5,42,10,7
2014/1/29,,48,11,30,11,6
2014/1/30,,44,12,30,9,5
2014/1/31,,34,1,34,8,7
2014/2/1,,39,7,22,8,6
2014/2/2,,30,15,16,6,4
2014/2/3,,54,18,16,7,4
2014/2/4,,40,13,28,9,5
2014/2/5,,48,9,32,9,6
2014/2/6,,52,7,33,8,5
2014/2/7,,39,13,26,6,4
2014/2/8,,25,19,15,7,4
2014/2/9,,37,18,28,7,5
2014/2/10,,41,8,36,6,6
2014/2/11,,37,6,37,7,6
2014/2/12,,42,13,33,6,5
2014/2/13,,44,11,38,7,5
2014/2/14,,35,16,35,9,6
2014/2/15,,42,13,42,12,8
2014/2/16,,55,12,42,11,7
2014/2/17,,67,13,35,7,6
2014/2/18,,41,11,36,8,5
2014/2/19,,40,17,36,11,7
2014/2/20,,58,21,35,11,6
2014/2/21,,57,22,54,14,10
2014/2/22,,79,20,49,15,10
2014/2/23,,84,13,63,22,13
2014/2/24,,112,6,64,17,12
2014/2/25,,103,9,72,16,12
2014/2/26,,106,15,68,17,12
2014/2/27,,99,11,54,14,9
2014/2/28,,81,13,39,11,6
2014/3/1,,63,22,20,7,4
2014/3/2,,33,17,48,15,7
2014/3/3,,58,20,56,18,9
2014/3/4,,78,21,22,8,4
2014/3/5,,47,18,24,9,4
2014/3/6,,37,20,22,9,4
2014/3/7,,35,17,33,12,6
2014/3/8,,43,22,20,8,4
2014/3/9,,38,17,28,11,5
2014/3/10,,38,12,39,11,5
2014/3/11,,44,9,47,9,6
2014/3/12,,49,17,39,7,5
2014/3/13,,52,22,37,9,6
2014/3/14,,57,20,31,11,5
2014/3/15,,68,22,32,12,6
2014/3/16,,72,14,34,10,5
2014/3/17,,54,15,38,11,6
2014/3/18,,79,12,46,11,6
2014/3/19,,79,18,32,8,4
2014/3/20,,53,20,27,8,4
2014/3/21,,39,20,37,12,5
2014/3/22,,54,22,33,15,6
2014/3/23,,68,24,37,11,5
2014/3/24,,50,20,34,10,4
2014/3/25,,52,15,47,11,5
2014/3/26,,59,16,50,15,6
2014/3/27,,64,26,38,12,7
2014/3/28,,77,16,54,10,5
2014/3/29,,54,30,29,10,5
2014/3/30,,43,17,57,15,7
2014/3/31,,62,18,62,12,7
2017/6/19,,,51,34,8,4
2016/1/3,,,16,23,14,5
2015/10/1,,,35,17,9,3
2015/10/2,,,48,16,9,3
2015/10/3,,,26,25,8,4
2015/10/4,,,26,24,8,4
2015/10/5,,,24,37,9,4
2015/10/6,,,22,41,9,4
2015/10/7,,,12,41,8,4
2015/10/8,,,37,27,8,4
2015/10/9,,,28,11,8,2
2015/10/10,,,24,19,8,3
2015/10/11,,,21,15,8,2
2015/10/12,,,19,18,7,3
2015/10/13,,,38,29,9,4
2015/10/14,,,35,35,10,6
2015/10/15,,,36,62,13,7
2015/10/16,,,31,49,11,7
2015/10/17,,,35,40,11,7
2015/10/18,,,53,34,11,6
2015/10/19,,,38,31,11,6
2015/10/20,,,35,33,13,6
2015/10/21,,,29,36,12,6
2015/10/22,,,23,31,11,5
2015/10/23,,,28,22,11,5
2015/10/24,,,24,20,11,4
2015/10/25,,,26,23,10,4
2015/10/26,,,16,25,8,4
2015/10/27,,,19,13,6,3
2015/10/28,,,21,18,6,3
2015/10/29,,,20,16,5,4
2015/10/30,,,19,12,4,3
2015/10/31,,,23,16,6,4
2015/11/1,,,7,23,6,6
2015/11/2,,,26,22,9,7
2015/11/3,,,29,26,11,8
2015/11/4,,,28,36,13,9
2015/11/5,,,16,42,11,11
2015/11/6,,,15,23,7,4
2015/11/7,,,21,17,7,3
2015/11/8,,,20,14,7,3
2015/11/9,,,15,12,7,3
2015/7/4,,,56,24,12,3
2015/7/5,,,38,29,10,3
2015/7/11,,,11,6,6,2
2015/7/12,,,37,17,6,3
2015/7/13,,,60,22,11,5
2015/9/16,,,22,30,7,3
2015/9/17,,,25,33,7,4
2015/9/18,,,31,29,8,3
2015/9/19,,,51,23,10,5
2015/9/20,,,37,39,11,5
2015/9/21,,,53,44,10,5
2015/9/22,,,21,54,10,6
2015/9/23,,,33,43,9,5
2015/9/24,,,46,41,11,4
2015/9/25,,,42,29,9,5
2015/9/26,,,33,25,9,3
2015/9/27,,,32,31,9,4
2015/9/28,,,30,19,8,3
2015/9/29,,,27,23,7,3
2015/9/30,,,21,26,7,3
2014/12/14,,,3,16,,7
2014/8/31,,,38,39,8,5
2013/12/31,,,22,25,20,7